"rtm_TippingPointX", "rtm_TippingPointY", "rtm_PlateauPointX", "rtm_PlateauPointY", "rtm_AgeModifier", "rtm_ResistancePerChild", "minDistBetweenCities", "maxDistBetweenCities", "MinimalMovingDistance", "MaximumMovingDistance", "MinDistCityAttractiveness", "MaxDistCityAttractiveness", "Job1Attractiveness", "Job2Attractiveness", "Job3Attractiveness", "Job4Attractiveness", "Job5Attractiveness", "Job6Attractiveness", "Job7Attractiveness", "job1_TippingPointY", "job2_TippingPointY", "job3_TippingPointX", "job3_TippingPointY", "job4_TippingPointX", "job4_TippingPointY", "job4_Modifier", "job4_Max", "job5_TippingPointX", "job5_TippingPointY", "job5_Modifier", "job5_Max", "job6_TippingPointX", "job6_TippingPointY", "job7_Value", "Seed", "NumberOfYears", "WarmUpTime", "City, 0", "City, 1", "City, 2", "City, 3", "City, 4", "City, 5"
12.4443064310122, 0.524021817934699, 19.0846231837291, 0.767068414695095, 0.012846332000941, 0.0160956632113084, 117.893488463014, 401.243388410425, 139.120802678587, 371.199294824153, 0.230442287800834, 0.24050546932267, 0.415932864423841, 0.424021596450359, 0.567823303738609, 0.513224724926986, 0.556413583070971, 0.410217861630954, 0.414928269176744, 0.446627963870764, 0.4, 0.367753663534299, 0.521820554117672, 0.0297262236725539, 0.528805751292035, 9.77909615280107, 0.780549825925846, 0.0420342489402741, 0.511163361616433, 10.5113031810708, 0.606273784022778, 0.233177068181336, 0.55327492448967, 0.496089026390575, 1338, 80, 2, 7383, 1713, 1708, 1429, 1510, 848
14.1950255825184, 0.357096413767431, 19.3666853755713, 0.796720650133211, 0.277936292760121, 0.0948579550376162, 85.5130699723959, 249.396518758591, 26.6358977610245, 321.242749178782, 0.17244805641938, 0.109847420655424, 0.471465751408599, 0.513288392335176, 0.450575697693042, 0.458721535671502, 0.550495079903863, 0.482838141529821, 0.599807138525881, 0.508085158870555, 0.4, 0.210684364077635, 0.412000434550457, 0.0261400214906782, 0.45410104924906, 10.1337310341373, 0.789983021200169, 0.0435740708712488, 0.493221928955056, 11.5194586011395, 0.672733415707946, 0.343838232436217, 0.544875310905278, 0.441591786240228, 1338, 80, 2, 8837, 1224, 1220, 1176, 1169, 1095
6.36393883088604, 0.270254212024156, 18.1414489333518, 0.848078750837594, 0.172812868592283, 0.0402877081604675, 13.5119975939393, 387.007431260124, 12.1122092016041, 270.613321222365, 0.269141105549643, 0.129149484049994, 0.497242698865943, 0.492023119577207, 0.523670531221665, 0.468101307346486, 0.500289086875506, 0.45857734737359, 0.517092606163584, 0.4790552336853, 0.4, 0.381204033353366, 0.459865202827379, 0.0516222228270024, 0.414824766231701, 11.0804479362257, 0.775751182494685, 0.0385160737529397, 0.478902174651623, 9.21402066022158, 0.516043009826914, 0.291751465647481, 0.405014215987176, 0.584387928003445, 1338, 80, 2, 8160, 1878, 1254, 1697, 1748, 0
6.73529389007017, 0.705499860756099, 23.3198481150437, 0.524492123618256, 0.0537076136625372, 0.0739810218866915, 55.1751332316548, 206.646653177915, 110.840703287395, 231.36257645674, 0.24111335067777, 0.277334731962765, 0.567245896481909, 0.556509972047992, 0.403198573421687, 0.495282901098952, 0.482296509230509, 0.580472460390069, 0.490682517352514, 0.547987343402579, 0.4, 0.317191841240972, 0.548016832961701, 0.0265017848974094, 0.424514307718724, 11.4870017935522, 0.74181921836175, 0.0536573539230972, 0.483284088223241, 9.96813730871305, 0.613000799437519, 0.266552330093458, 0.566331103285775, 0.408375582745299, 1338, 80, 2, 5115, 2543, 2631, 1224, 2738, 374
9.17619572361, 0.550972214152571, 17.8133256361354, 0.777672920292243, 0.019554627625877, 0.0575462987902574, 204.50564305447, 309.118573761312, 155.22848512549, 249.96117367316, 0.101034383751685, 0.224283754586941, 0.467908747579902, 0.433808387516066, 0.464882567835972, 0.482066229092889, 0.422239224340767, 0.47781414041575, 0.419131722343154, 0.436898055926897, 0.4, 0.352957432689145, 0.490432313242927, 0.0542340747931972, 0.510471841242164, 8.09566254666075, 0.506858586897608, 0.0335077886840329, 0.530562723032199, 11.8160836929269, 0.751483064327389, 0.219217667819932, 0.512338638862595, 0.549693237869069, 1338, 80, 2, 8199, 1197, 2229, 1211, 1300, 416
9.61517765694298, 0.441014641341753, 22.6160233568866, 0.501327416314743, 0.115078131974069, 0.0215119945718907, 60.6746267486364, 479.007382588042, 86.1200390113983, 396.107825429179, 0.195024011485511, 0.263388098856667, 0.593922414070927, 0.473701220870949, 0.569640586348251, 0.448731508634985, 0.57408485386055, 0.505046431963332, 0.443262908552773, 0.512616822237149, 0.4, 0.327005524286069, 0.497083800506778, 0.0504822318889201, 0.47894090997614, 9.51815870361403, 0.690273646031506, 0.0450570663521066, 0.556741131641902, 8.14234155165031, 0.733704020939767, 0.352561096206307, 0.419911029016599, 0.478911322722211, 1338, 80, 2, 4716, 2741, 1406, 1194, 4420, 56
5.15955167091452, 0.325235316064209, 15.7023641192354, 0.918015882209875, 0.182299397648452, 0.00471945171477273, 38.3102875139564, 272.911028265301, 93.5086668760981, 341.357166763395, 0.299165877586929, 0.149291741116904, 0.443228369197808, 0.583800288094208, 0.407432698290795, 0.499598613812588, 0.54020730452612, 0.536803682059981, 0.434917181221768, 0.404831611652859, 0.4, 0.285124804515392, 0.591559352721088, 0.0248223572254181, 0.461986954026856, 11.1605075674504, 0.605537041519769, 0.0217875072307885, 0.585596450447105, 8.39339847961441, 0.555308622506447, 0.399591784228571, 0.42947391609475, 0.401093357142992, 1338, 80, 2, 3009, 3002, 2446, 2840, 2313, 1071
8.98573568989523, 0.600875780994538, 21.8117995416746, 0.967169165948871, 0.207188938450161, 0.0999680101601407, 120.611449889094, 459.770142287156, 113.841231111204, 258.117784450762, 0.135100741216447, 0.19478990033851, 0.54909390025679, 0.476571759470738, 0.432742732542567, 0.442058024091646, 0.532567951675504, 0.516186553613283, 0.580336719524115, 0.548956107568927, 0.4, 0.315774727531709, 0.500485722818412, 0.0489087113181129, 0.579777002003975, 10.1975888168439, 0.738769541128073, 0.0310238249596208, 0.484437485336326, 10.7647494995221, 0.642912870670669, 0.275411250700243, 0.415961215668358, 0.571964410179295, 1338, 80, 2, 8564, 2051, 1273, 1209, 1200, 179
7.58698358135298, 0.423788976725191, 19.8627062861342, 0.973379393166397, 0.22319037741865, 0.0965801540622488, 86.9200755752623, 130.379446140025, 175.878442511102, 294.900950433686, 0.157628431264311, 0.102955632506637, 0.545038559195586, 0.591684928181581, 0.489645950810052, 0.507844674043357, 0.452000755900517, 0.56628914522659, 0.402639453272335, 0.523327574393712, 0.4, 0.289980276729912, 0.417679258927703, 0.0575065937962383, 0.597871174695902, 9.2062712895684, 0.567639528468251, 0.0591054523361847, 0.418310340952128, 11.7055617018417, 0.500830806985032, 0.243175384378992, 0.487856266620569, 0.435528545742854, 1338, 80, 2, 8284, 1601, 1304, 1207, 1279, 1151
7.88421077621169, 0.299241167437285, 17.2790722196456, 0.541160575961694, 0.0366365714075509, 0.042515634262003, 96.6135519463569, 151.973744221684, 56.4719729901757, 253.973141092807, 0.210989386915462, 0.21763208436314, 0.458644114880823, 0.551707676793449, 0.470117728572339, 0.428006249957718, 0.496406682511792, 0.573425324596465, 0.445917405161075, 0.565639485729858, 0.4, 0.303609324132092, 0.42969913955126, 0.0304022509580478, 0.488253666994162, 8.18299359809607, 0.763110504916869, 0.0524469233751297, 0.449592716834508, 10.6058620987646, 0.576704727708362, 0.300884961793199, 0.563157176828943, 0.463981654970907, 1338, 80, 2, 8810, 1727, 1298, 1206, 1935, 0
11.7570456140209, 0.713981921181548, 22.9650595727377, 0.948341883034445, 0.170555366422469, 0.0336689114733599, 132.055996413156, 380.697717527859, 182.032786778314, 347.501394422725, 0.181224002304953, 0.254684729260625, 0.598238359635696, 0.524749370954931, 0.591042980110273, 0.436924640611745, 0.598971756044775, 0.423514594604261, 0.43979154394567, 0.599339933472685, 0.4, 0.279613162178546, 0.504711847354658, 0.0247657703073695, 0.546199213921092, 9.89564894890413, 0.590948797064833, 0.0594922569137067, 0.409195308694616, 10.8430189004168, 0.715013176986948, 0.357058261595666, 0.463097503019497, 0.555129151746631, 1338, 80, 2, 3973, 4302, 2531, 2044, 2038, 6
8.78676172476262, 0.6514978591213, 21.0361109902151, 0.924665916247759, 0.25987254777737, 0.0308387388275005, 163.286310748383, 481.221993466234, 104.093287585024, 386.279365663417, 0.126097589662531, 0.268265616460703, 0.486295423191041, 0.519914232866839, 0.578708391669206, 0.523949248224497, 0.458585166686215, 0.544947704171762, 0.563641505940817, 0.471695038755424, 0.4, 0.22950151991751, 0.598048056046478, 0.0441958474349231, 0.485381080952473, 9.65988058103249, 0.578424769637175, 0.0464866042552516, 0.549622333385982, 11.2992407644726, 0.663020817390177, 0.202988841393031, 0.528508185786195, 0.589455720793456, 1338, 80, 2, 9768, 1251, 1218, 1203, 1217, 0
11.0491381288972, 0.341056507735047, 23.4611882136669, 0.680593771117274, 0.231710837977938, 0.00618975864024833, 103.318089642376, 368.363553560618, 149.583189600613, 244.346418739296, 0.121180047091329, 0.0969596922944766, 0.553095893030055, 0.408734867203049, 0.441298274618574, 0.511248280953616, 0.562366910113953, 0.584493932792917, 0.487211724917404, 0.507317508002743, 0.4, 0.282840599671938, 0.427714812115766, 0.0357190176567063, 0.536491591738537, 8.43081369336694, 0.663347573693842, 0.0413903768891469, 0.439118623260409, 8.17855267176405, 0.678622635879554, 0.223956447524019, 0.4792409977559, 0.501533631990664, 1338, 80, 2, 8614, 1478, 1824, 1337, 1247, 31
14.5346796238795, 0.541767877028324, 15.3434716009535, 0.644549216008745, 0.246396177568147, 0.0763351451172493, 228.179829726368, 333.194401384611, 17.4793957999907, 304.354133556597, 0.26138769992278, 0.0762496341753285, 0.451883146592416, 0.56515567606315, 0.557494008542038, 0.558026487331837, 0.508895759154111, 0.49019077348616, 0.473564294231124, 0.559868432248011, 0.4, 0.339399371936917, 0.565646236021072, 0.0329694744560868, 0.436794658939354, 8.97555504551157, 0.708978481851984, 0.0393505576312542, 0.452838639857247, 11.6052854500897, 0.782870266840793, 0.313032092371024, 0.598325529867783, 0.57790782868024, 1338, 80, 2, 6232, 1813, 1500, 3260, 1525, 577
5.50517543265596, 0.450563093048986, 18.540505405562, 0.897627962271217, 0.123330479609454, 0.0143250330402516, 113.109787001088, 231.974697983731, 76.7256100235507, 215.557803646661, 0.193028008914553, 0.204621931890724, 0.574823249238543, 0.501571894364432, 0.459430743562989, 0.573260365472175, 0.46205946349632, 0.5095743748229, 0.500274846804328, 0.401834219334647, 0.4, 0.37956843857374, 0.530048392619006, 0.0415299481354654, 0.498525838422589, 11.21730348574, 0.654819043716416, 0.0278414850946516, 0.534704813201912, 9.03399250146002, 0.650737225554884, 0.269034452921711, 0.506801566538401, 0.541758180441335, 1338, 80, 2, 9777, 1261, 1188, 1212, 1200, 12
7.25219412362203, 0.612339277376887, 20.1232747056521, 0.662258250645827, 0.196733520665811, 0.061989462539088, 52.7726284418255, 175.370907087252, 117.832100508455, 389.010121349245, 0.141875207086559, 0.174770918665454, 0.49390991881676, 0.428780674075708, 0.54179175507836, 0.406301620284095, 0.446989197441377, 0.413491555096582, 0.587451971424743, 0.537014897596091, 0.4, 0.213285263383761, 0.563642900188454, 0.0566679161405191, 0.588381353910081, 11.6506091601588, 0.70204746211227, 0.0349758234854788, 0.501530663388781, 11.5637192835659, 0.722113912704401, 0.305143942523748, 0.559286005791277, 0.5471595344292, 1338, 80, 2, 3316, 5212, 3012, 1215, 1260, 684
8.23907354702242, 0.662567577247974, 16.6244283523411, 0.553029416417703, 0.091453530061245, 0.0104297950305045, 143.598926534876, 201.260104521876, 141.453141818754, 239.12439007964, 0.0846376440359745, 0.0886551930825226, 0.522252017111517, 0.449452496676706, 0.5305545598967, 0.475991583077237, 0.565567848113365, 0.515301560112275, 0.508503771210089, 0.498834825008176, 0.4, 0.399797143267468, 0.544928180687129, 0.0469409225894138, 0.464429701987654, 11.8096097138152, 0.797674794361461, 0.0425848169691861, 0.547936621724628, 11.1568674147129, 0.752834495459683, 0.376639516485855, 0.475110155821778, 0.42102823336143, 1338, 80, 2, 7842, 1217, 1224, 1685, 2828, 0
11.5389794250485, 0.581083918674849, 22.5617948399857, 0.886970882888418, 0.0731628185078502, 0.0587554192165844, 63.0500155329704, 415.224911195226, 67.5244748655707, 356.79881932307, 0.0685909655317664, 0.144862202929799, 0.585240206781775, 0.401357998513617, 0.563464939779602, 0.486914776002057, 0.520139577035792, 0.455135712038726, 0.404544153087772, 0.563467910737731, 0.4, 0.269660018808208, 0.510362073792145, 0.043721297513321, 0.44786577584222, 8.02026639744639, 0.747143096787389, 0.0474698417786509, 0.573266972692683, 9.91864434860647, 0.789087429939304, 0.295413361725397, 0.551091130276211, 0.452628429235891, 1338, 80, 2, 7738, 2822, 1248, 1424, 1393, 392
12.1337421636563, 0.257954255323857, 23.096164955385, 0.802839553349186, 0.0497806140758097, 0.038867805196438, 42.4542110908777, 69.1051700089592, 194.303319185926, 302.115031919442, 0.0518165079667233, 0.0911923657066654, 0.536412227706052, 0.497165921825916, 0.51500668091327, 0.539031386803836, 0.450982316610403, 0.44111097710859, 0.531383894206025, 0.575621881822124, 0.4, 0.242041838623583, 0.55983427074179, 0.0290196256048977, 0.480632817085832, 11.5890337035432, 0.721852638099808, 0.0212326724018902, 0.522260550956242, 9.38165123490617, 0.53312210480636, 0.239298469018191, 0.411291591296904, 0.412507334691472, 1338, 80, 2, 9241, 1830, 1253, 1240, 1196, 4
11.9664796778001, 0.688870097112376, 22.3224618209526, 0.784151482994202, 0.0395528764295857, 0.0936861907169223, 25.2614437125623, 259.005195388244, 199.959766632272, 361.84787034709, 0.203909316884819, 0.231078530147206, 0.460418594835326, 0.459071393745951, 0.436482856018469, 0.402198857893236, 0.443891489773989, 0.493698994923383, 0.478763248982839, 0.530488213069737, 0.4, 0.370253940169699, 0.471625586787239, 0.0385776845358312, 0.400029250577092, 11.8968517463654, 0.546543884962797, 0.0265936890320852, 0.525845870899968, 9.1597149733454, 0.587473429872189, 0.37547756234929, 0.583240614227019, 0.526591922808439, 1338, 80, 2, 3162, 3112, 3063, 2019, 2700, 750
13.2004582594614, 0.565878567826003, 16.0906393191311, 0.810799862355925, 0.0865923914287239, 0.052040268484503, 157.997591108829, 444.403372371709, 20.589295430202, 354.077032385394, 0.246320266916882, 0.156978535912931, 0.589653771939687, 0.540594988511875, 0.452777940168977, 0.591839488477446, 0.416314506662078, 0.532384903134778, 0.462022051968612, 0.595840423950925, 0.4, 0.234813743600622, 0.466791256701574, 0.0455482481084764, 0.568689310434274, 8.70975239954889, 0.727070386528503, 0.0446822297984734, 0.593590778685175, 10.6708401465602, 0.62458226396516, 0.346689430532046, 0.511750203187577, 0.597906202112324, 1338, 80, 2, 8545, 1555, 1268, 1788, 1205, 311
14.3328013265971, 0.331139116173144, 15.9822145305108, 0.611628507634159, 0.141718557937024, 0.078197257224936, 192.13926342614, 437.851756552327, 84.6607159653679, 208.656612140127, 0.087173819357995, 0.136153320894809, 0.503771653224714, 0.59942344243452, 0.493078234049492, 0.409055827950127, 0.493685546183027, 0.557905953505076, 0.467134510939009, 0.540286573924124, 0.4, 0.26789187279623, 0.575766602054238, 0.0348565522195771, 0.468729725472629, 11.3596042093635, 0.504680270489771, 0.0549907023800537, 0.498599555185065, 9.82154973696917, 0.743571466454305, 0.286036558315158, 0.527631102560088, 0.405311750268564, 1338, 80, 2, 8567, 1197, 1163, 1193, 1193, 1084
6.4473993898835, 0.641478312313557, 24.8635552332737, 0.862456530407071, 0.104033161296323, 0.0625916478168219, 94.507281986624, 190.421101712529, 94.6360599073581, 204.171336570755, 0.13290186150698, 0.294146771763917, 0.434594508839771, 0.5469466799004, 0.418313970078714, 0.444738011490554, 0.587449084363878, 0.437528553670272, 0.555917404913344, 0.527231418142095, 0.4, 0.294572096120566, 0.473763892673887, 0.0430810920925811, 0.558408490163274, 8.63937614507973, 0.78594057470141, 0.0204171456873417, 0.403663910582662, 9.32657321462408, 0.562945877125021, 0.299008023143746, 0.488510080000386, 0.468806354394183, 1338, 80, 2, 9536, 1221, 1432, 1201, 1195, 37
8.03799603478983, 0.679610992758535, 18.3899890865199, 0.670339544343296, 0.0752164047586732, 0.0278271957519464, 129.133624229208, 348.253816748364, 154.270375393936, 394.935252914205, 0.147806603371864, 0.199440956920153, 0.431105811608024, 0.482012570784427, 0.553681480772793, 0.435456929915585, 0.527309260631911, 0.424198750398122, 0.534931422762573, 0.422268528227694, 0.4, 0.360299572113901, 0.532915173416957, 0.0559439418306574, 0.519245428531431, 10.4203090517782, 0.730986478586216, 0.048501683181338, 0.472322886563838, 11.0309632183425, 0.691942366290837, 0.31177222131379, 0.457896075667813, 0.513841538727283, 1338, 80, 2, 2405, 3821, 2796, 2878, 2754, 12
14.8709416810889, 0.622511638686992, 21.6490937832277, 0.98326370008057, 0.0653926269840915, 0.0123239774703979, 169.432852595299, 224.206857155729, 38.1365921584424, 277.660541787744, 0.092256218700204, 0.164055450508604, 0.505873141007498, 0.440268062007613, 0.431081708401442, 0.567826033894904, 0.414845522238873, 0.464436914188787, 0.543614886254072, 0.461265033110976, 0.4, 0.246913125914522, 0.477104570037685, 0.0528198028841987, 0.520871153424494, 10.8561959325336, 0.616538123424631, 0.05596908355169, 0.459559382329695, 11.4307452622056, 0.795042378860991, 0.212972747249529, 0.455236595723778, 0.489340591276065, 1338, 80, 2, 9624, 1204, 1233, 1207, 1233, 2
14.6226613526233, 0.369973105562385, 17.6618837842252, 0.588071377724409, 0.248161318433098, 0.0899435974708758, 192.795623487234, 353.136825127993, 31.2461603445467, 381.540995309129, 0.293955631025601, 0.207340986304916, 0.562570892338641, 0.464022479196079, 0.414126202420332, 0.500892292985693, 0.465028407040052, 0.449521181902848, 0.589130580189638, 0.489864265511744, 0.4, 0.346877625904977, 0.461322908130474, 0.0337702840115875, 0.595540491214022, 9.58003504645079, 0.563827948295046, 0.0361837021846324, 0.514160586776212, 8.59865100704133, 0.627140287955757, 0.325316357411444, 0.595515623274259, 0.593237716860138, 1338, 80, 2, 8333, 1521, 1285, 1230, 1208, 1124
6.86770321172662, 0.419998068283312, 23.9128290631808, 0.518732236488722, 0.147523132633744, 0.075002947775647, 244.104625029862, 493.580381050287, 166.324258810701, 348.315671595745, 0.254531415528618, 0.225573828259949, 0.455066600005142, 0.531199378986843, 0.573402388324961, 0.561372262568213, 0.531669663535431, 0.429289502318017, 0.512397380226292, 0.418013107595034, 0.4, 0.237272374336608, 0.513541502597742, 0.0500597122879699, 0.432244083506055, 9.37079266190529, 0.555768217735924, 0.0241619044678286, 0.580358922754414, 9.44571732979268, 0.597257370357867, 0.36831771999225, 0.401320907586254, 0.517154276212677, 1338, 80, 2, 9802, 1192, 1196, 1205, 1271, 35
13.7370369371492, 0.695488379998133, 20.5333622496575, 0.568156819907017, 0.0851035653335042, 0.0835447843559086, 75.3219445180148, 122.186176328454, 144.701617401419, 327.625839912333, 0.058098904954968, 0.0813350084156264, 0.490165740794502, 0.422509106089361, 0.509761471622624, 0.524002837616019, 0.487225211115554, 0.578387078200467, 0.450779001115821, 0.503098184580915, 0.4, 0.389499981143512, 0.487928948179819, 0.0282834291743115, 0.580032084843144, 10.5845487480052, 0.623390266749542, 0.0280905181692913, 0.420336800904013, 8.6938443505764, 0.536876064678654, 0.246117597101256, 0.445856970997527, 0.480105701072142, 1338, 80, 2, 9377, 1291, 1226, 1243, 1248, 105
12.7294488085434, 0.516897886367515, 16.9210421844851, 0.692422094536014, 0.111922643532976, 0.0259637381313369, 43.9086646839976, 47.920013008872, 63.962244896777, 241.394615279511, 0.175753763719695, 0.113906216385076, 0.568092443928123, 0.532946341426112, 0.525017952373251, 0.547257160830312, 0.513328812313266, 0.570558214568533, 0.572414297582582, 0.428463039336726, 0.4, 0.374103241344914, 0.455441752757877, 0.0487742198079824, 0.442846071583219, 10.6849710420147, 0.553055082796607, 0.0561626388661563, 0.465887853890657, 8.27176213160157, 0.647192683198489, 0.3204273988856, 0.518729648079723, 0.575279103286564, 1338, 80, 2, 7358, 2461, 1633, 1272, 1404, 595
6.0432515937835, 0.593097695196047, 19.6299318314996, 0.700106064162683, 0.272315607232042, 0.0192723267595284, 219.649133868515, 323.180947198253, 133.076850592345, 331.516229045577, 0.239057182165561, 0.120940686239628, 0.556845386791974, 0.407153777155094, 0.506848577508703, 0.454285685801879, 0.518658017727546, 0.596454012760892, 0.548939500242472, 0.472573107661679, 0.4, 0.358816593945026, 0.440184582880698, 0.0595169348755851, 0.411103141574189, 8.94610651789233, 0.600579111616593, 0.0582813901398331, 0.506969378182665, 9.60010976837948, 0.77267829511594, 0.390231984462589, 0.575078207093291, 0.520749181322753, 1338, 80, 2, 8211, 1624, 1203, 2378, 1322, 12
7.66609674668871, 0.265132452365942, 17.1388989118859, 0.872925863373093, 0.102413728811359, 0.0497300016973168, 78.9956623505801, 427.825193758775, 186.714430121938, 232.999984554946, 0.228703001348767, 0.282636910780566, 0.481888484390453, 0.57272557852976, 0.596853924868628, 0.58142709873803, 0.546106218091212, 0.589267570643686, 0.42165721350722, 0.456837609595619, 0.4, 0.321269929050468, 0.494661047335714, 0.0204603692369536, 0.540001355692744, 8.371403311342, 0.575862606932409, 0.0498953242670745, 0.568870964669623, 10.1869594657607, 0.707161814775318, 0.210283438654616, 0.494876865239814, 0.437340964103118, 1338, 80, 2, 9896, 1120, 1182, 1113, 1079, 166
10.371900866041, 0.280646540035959, 21.3695260649081, 0.737750677817967, 0.0584851565556135, 0.0856615175856277, 71.7750641878694, 163.010553991562, 45.1474220798351, 315.722348917276, 0.15233821358881, 0.0659639198379591, 0.516941545255482, 0.577459845840931, 0.546194359418936, 0.46393568347767, 0.594062508246861, 0.445924960548058, 0.594827498476952, 0.41265894921124, 0.4, 0.260615033946, 0.439030391160399, 0.0218304593857378, 0.417989456542768, 8.55838025867939, 0.676206408743281, 0.0461227664994076, 0.56745168880187, 8.85689324684441, 0.594132293958683, 0.330881190975197, 0.423032252380624, 0.583192519758828, 1338, 80, 2, 9874, 1201, 1202, 1206, 1217, 3
10.0670820844825, 0.639303689263761, 24.3690840623341, 0.625547491512261, 0.237426543436479, 0.0236320905750617, 18.6909798271954, 115.034732737998, 49.7212570807897, 377.114708083682, 0.0775672014476732, 0.0570526294165757, 0.426579274603166, 0.488260548500344, 0.427937578103505, 0.477825051166117, 0.470993788202293, 0.548260280451737, 0.546086594477296, 0.409144664828666, 0.4, 0.257114173868671, 0.403371192173101, 0.0225116510845721, 0.551345700151287, 8.31936369363219, 0.769224257092457, 0.053511939243786, 0.577736798777245, 10.2956810609065, 0.571106172380969, 0.250195107772946, 0.534307032573968, 0.472774713500403, 1338, 80, 2, 9129, 1205, 1264, 1242, 1531, 190
9.51269572339952, 0.40594655910274, 16.4394031935371, 0.749624093745369, 0.257951714621345, 0.00398724730405957, 110.344580126181, 301.529503672151, 164.391439429484, 335.425424464978, 0.118188956498634, 0.167235870740842, 0.478330542954616, 0.569140089263208, 0.518191412033513, 0.417362598029897, 0.555973674755543, 0.433488930243999, 0.494164636889473, 0.570938526372425, 0.4, 0.252904396108352, 0.543714703128673, 0.0419037683291361, 0.534031702179462, 11.4292302316614, 0.512318419011775, 0.0355161538213491, 0.597082111891359, 8.51261370653287, 0.680573280388955, 0.337741738460958, 0.440638149227016, 0.510818968047388, 1338, 80, 2, 6199, 3199, 1730, 1725, 1353, 485
5.72087876801379, 0.574132809119765, 20.3657649007626, 0.759976856925059, 0.189179428138211, 0.0453983952505514, 237.953142284602, 68.2753797493875, 170.930810213415, 226.621658641845, 0.0710101312829647, 0.130542151342379, 0.526380335404538, 0.584683346557431, 0.444521533994935, 0.534883579484187, 0.538979064429179, 0.531550132512115, 0.429906566500664, 0.432803877084516, 0.4, 0.328580937331542, 0.592029277662747, 0.0238279061971232, 0.449142977726646, 9.92344122000039, 0.645830280645285, 0.0516253122083843, 0.445471679889597, 9.68839558828622, 0.632011941119097, 0.349511064788327, 0.543460762707517, 0.44825132682547, 1338, 80, 2, 4342, 1246, 2446, 4533, 1797, 338
8.53909202436916, 0.378439725707285, 17.4241068955977, 0.655938588641584, 0.291102887982503, 0.00171012847684324, 197.606149894744, 339.041388546117, 73.3260054852348, 288.934041129425, 0.112919457318494, 0.247512098985026, 0.423634337907657, 0.523547737931833, 0.58243134275265, 0.57738730828464, 0.407578817002475, 0.462981592846103, 0.424711426121183, 0.483684261717834, 0.4, 0.332568341569044, 0.569913522062823, 0.0392186462786049, 0.561068838121369, 11.7568364670873, 0.527583033632953, 0.0403436060974374, 0.414172536900267, 11.2520320235938, 0.506678414540365, 0.361040748428553, 0.584902179501019, 0.557988601371646, 1338, 80, 2, 6152, 3222, 1189, 2248, 2081, 37
10.9489725080319, 0.483044001937378, 24.0302696086466, 0.998128505740315, 0.023430808538245, 0.068978814211674, 22.1460080672055, 243.877338765329, 34.6999659899622, 339.831897657365, 0.218805841684807, 0.255448899925686, 0.408462170852348, 0.469418639185838, 0.538842443903908, 0.465291346533224, 0.438111132338643, 0.561176630407572, 0.482526768182404, 0.454188341603614, 0.4, 0.227175390749238, 0.554873760741204, 0.0400647942027077, 0.40519728437718, 8.73874860065058, 0.756905847842805, 0.0228573682779446, 0.427089837049134, 10.9288075141795, 0.76463144037826, 0.333300407509319, 0.58835721234139, 0.492590794763528, 1338, 80, 2, 7964, 2827, 1243, 1203, 1267, 417
8.03799603478983, 0.679610992758535, 18.3899890865199, 0.670339544343296, 0.0752164047586732, 0.0278271957519464, 129.133624229208, 348.253816748364, 154.270375393936, 394.935252914205, 0.147806603371864, 0.199440956920153, 0.431105811608024, 0.482012570784427, 0.553681480772793, 0.435456929915585, 0.527309260631911, 0.424198750398122, 0.534931422762573, 0.422268528227694, 0.4, 0.360299572113901, 0.532915173416957, 0.0559439418306574, 0.519245428531431, 10.4203090517782, 0.730986478586216, 0.048501683181338, 0.472322886563838, 11.0309632183425, 0.691942366290837, 0.31177222131379, 0.457896075667813, 0.513841538727283, 1338, 80, 2, 8408, 1242, 1614, 1210, 2230, 0
5.26735314126126, 0.463222532372456, 18.8207330116071, 0.903355263301637, 0.191432589418581, 0.0860867583658546, 165.97157227695, 100.052782781702, 121.819435799168, 311.368581498973, 0.258954926056322, 0.188757292244118, 0.472384216601029, 0.509126269770786, 0.487139403041452, 0.51807804361824, 0.589085027429275, 0.540873628724366, 0.506160326410085, 0.518312856492586, 0.4, 0.204752565849572, 0.481249263305217, 0.0523941943308339, 0.50110679926537, 10.2427480203845, 0.660856086910237, 0.0382470153287053, 0.471227092434652, 11.9338690995052, 0.697301074109972, 0.278822920392267, 0.426987417809665, 0.507577052098699, 1338, 80, 2, 9669, 1217, 1226, 1211, 1164, 113
5.99485124875791, 0.505012557320297, 20.7059025432449, 0.825441396257374, 0.129910910319583, 0.0282972635948099, 183.522934126109, 88.292627377389, 161.95279705096, 264.153499947861, 0.187179646352306, 0.295482523657847, 0.509911720601842, 0.439276932257228, 0.421771879107691, 0.528802905481309, 0.582251986434683, 0.469115322229452, 0.56744665890839, 0.553890236800537, 0.4, 0.201556757852435, 0.444698910865001, 0.0324578711660579, 0.475481948671862, 11.008656821344, 0.520908376111649, 0.026308701428771, 0.553616353688762, 9.06178155934438, 0.52686424764758, 0.282391881632619, 0.448355220047757, 0.466481892382726, 1338, 80, 2, 7683, 1195, 1185, 1167, 1214, 629
14.3328013265971, 0.331139116173144, 15.9822145305108, 0.611628507634159, 0.141718557937024, 0.078197257224936, 192.13926342614, 437.851756552327, 84.6607159653679, 208.656612140127, 0.087173819357995, 0.136153320894809, 0.503771653224714, 0.59942344243452, 0.493078234049492, 0.409055827950127, 0.493685546183027, 0.557905953505076, 0.467134510939009, 0.540286573924124, 0.4, 0.26789187279623, 0.575766602054238, 0.0348565522195771, 0.468729725472629, 11.3596042093635, 0.504680270489771, 0.0549907023800537, 0.498599555185065, 9.82154973696917, 0.743571466454305, 0.286036558315158, 0.527631102560088, 0.405311750268564, 1338, 80, 2, 7659, 1141, 1085, 1153, 1028, 1055
10.6188623284921, 0.300060726797674, 24.5920683002565, 0.858838502413128, 0.298640927124908, 0.0805129105532542, 182.236683888733, 183.800722931419, 43.2390648252796, 203.678178603761, 0.223558608781314, 0.183545117940521, 0.416232900194824, 0.538889294113964, 0.534067861910909, 0.598290935998782, 0.475042273392901, 0.417477543687448, 0.49628826802317, 0.535373851812445, 0.4, 0.223494497483596, 0.450939338603988, 0.0279027830196545, 0.457644925137982, 10.3957149763033, 0.53511398238549, 0.0572977288454771, 0.542952627152204, 10.0352301220596, 0.618544891900383, 0.395149894922972, 0.467206296790391, 0.561911063657142, 1338, 80, 2, 8135, 1219, 1122, 1228, 1189, 128
12.9907836406957, 0.394394505277742, 24.6269971045665, 0.722482544647064, 0.283274381912639, 0.0465203446536325, 224.368207571283, 276.940919946553, 79.2364420180209, 298.280551011674, 0.205301244333386, 0.270810722921742, 0.577014993094839, 0.413374104599468, 0.503953603153117, 0.426996470843442, 0.429947968276218, 0.474797621882521, 0.524567168977112, 0.586615869537927, 0.4, 0.392054274413735, 0.42132514332328, 0.031851696992293, 0.567312561647967, 9.1950674168393, 0.63477314406028, 0.0290568472679704, 0.56043609779235, 10.0820088327117, 0.548326266528107, 0.254836295691319, 0.471167160932906, 0.42867503379751, 1338, 80, 2, 7743, 1262, 1252, 1217, 1272, 471
10.5425358345732, 0.47933026837185, 15.1820958602242, 0.839292721238453, 0.149477563014859, 0.0712455039080232, 209.84899132885, 89.9266535664909, 129.337639258849, 261.775355773978, 0.288610232531792, 0.062021878354717, 0.512545267827809, 0.462185416552238, 0.476397645429708, 0.553401552259922, 0.409876136246137, 0.594536444363184, 0.470384004238993, 0.487254673657939, 0.4, 0.351983486900106, 0.525841505836695, 0.0383927864745259, 0.420395096557215, 9.69558922279626, 0.69734889246244, 0.0343224976945668, 0.519640045160428, 11.1047645998001, 0.735100789498538, 0.383498420675285, 0.497130200016312, 0.444819918047637, 1338, 80, 2, 7087, 1115, 1173, 1266, 1815, 530
9.90314452936873, 0.493054181090556, 18.665908058919, 0.953793018166907, 0.228670799738681, 0.00911196229513735, 148.814568661153, 146.723719994491, 99.3313909419347, 365.478978382424, 0.273664434400853, 0.0501711913920008, 0.40447399069462, 0.48765597454831, 0.548912408056669, 0.490976202296093, 0.505160026830621, 0.40118919308763, 0.557626139076427, 0.494959894119762, 0.4, 0.251393823668361, 0.577298612171784, 0.046140995635651, 0.527024696424603, 11.9965414978564, 0.608179758640472, 0.0321014495823532, 0.405652695620432, 10.3999500955828, 0.546698166206479, 0.386043068703264, 0.522957935998216, 0.532347043856047, 1338, 80, 2, 6605, 1789, 1393, 1683, 1273, 345
7.1016961612273, 0.728593005584553, 21.5486431393772, 0.531319200019352, 0.157691419992037, 0.0540824490808882, 176.570334156603, 284.683375667501, 127.087724026525, 272.845641175285, 0.279082372685662, 0.237635642818641, 0.542209730640054, 0.5931148980055, 0.58770977914799, 0.542696663632058, 0.578484300868586, 0.523851312420331, 0.570269057409838, 0.424767183545046, 0.4, 0.299076292494312, 0.433095702653751, 0.0587833227116615, 0.430626590011641, 8.84959414388984, 0.589001117836684, 0.0235453811701387, 0.431537705384195, 8.73323261050508, 0.660259097186383, 0.364444558256306, 0.501370614873245, 0.565185017453507, 1338, 80, 2, 9281, 961, 976, 1183, 677, 0
10.371900866041, 0.280646540035959, 21.3695260649081, 0.737750677817967, 0.0584851565556135, 0.0856615175856277, 71.7750641878694, 163.010553991562, 45.1474220798351, 315.722348917276, 0.15233821358881, 0.0659639198379591, 0.516941545255482, 0.577459845840931, 0.546194359418936, 0.46393568347767, 0.594062508246861, 0.445924960548058, 0.594827498476952, 0.41265894921124, 0.4, 0.260615033946, 0.439030391160399, 0.0218304593857378, 0.417989456542768, 8.55838025867939, 0.676206408743281, 0.0461227664994076, 0.56745168880187, 8.85689324684441, 0.594132293958683, 0.330881190975197, 0.423032252380624, 0.583192519758828, 1338, 80, 2, 7995, 1195, 1187, 1192, 1221, 6
13.032669521682, 0.538816611077636, 16.2563621491194, 0.602960446421057, 0.134249421407096, 0.0363141440139152, 233.597259292752, 411.084727756027, 62.4681277586147, 318.556850896217, 0.109461977531901, 0.285911840402987, 0.53103071759548, 0.418643699073233, 0.409670577170327, 0.413062109039165, 0.570651353185065, 0.552026159258559, 0.520863183422014, 0.441648162096739, 0.4, 0.386120986887254, 0.536477684934624, 0.0583947414934635, 0.495938672524877, 10.4873513088003, 0.539795903083403, 0.0319795110870153, 0.589026175723411, 10.4756924909167, 0.763351324439514, 0.206840670707636, 0.480456952679902, 0.424959323253483, 1338, 80, 2, 6848, 1441, 1438, 1230, 1204, 924
12.3873528774362, 0.439035913934931, 22.0562186693307, 0.630645778230391, 0.0277119938163552, 0.0518401072933339, 29.9449148032814, 10.397186982492, 180.857405705843, 223.95866964478, 0.280248726157006, 0.118825257733697, 0.445882156721316, 0.455300956549123, 0.474253697684966, 0.568187707419507, 0.478973756871186, 0.406237477312796, 0.40940227736719, 0.465108498619869, 0.4, 0.272919723863713, 0.583426215739921, 0.0472796065095812, 0.515819671344012, 9.35636489532888, 0.680843838002998, 0.0492791780179366, 0.537365790498443, 8.47242089314386, 0.518444527270738, 0.259221946007572, 0.539429545239545, 0.528239118321799, 1338, 80, 2, 6442, 1399, 1459, 1340, 1375, 944
13.8796225559898, 0.315944220093079, 23.656300626928, 0.933097020213027, 0.207272825195175, 0.0662155308225192, 135.411959403381, 461.130893185502, 188.812788367597, 374.320232017897, 0.0998305989499204, 0.213846367669757, 0.400901455194689, 0.50593732829392, 0.497243260378018, 0.595838864824735, 0.433426349283196, 0.496227342165075, 0.452296744048595, 0.583278788633645, 0.4, 0.304745336920954, 0.586854883006774, 0.0210527318721637, 0.507909536731429, 9.04574771657586, 0.67097335377615, 0.0370124328799546, 0.434292812202126, 9.5434783991985, 0.717827541217208, 0.226642980611883, 0.568717541603372, 0.456580845285207, 1338, 80, 2, 6563, 2068, 1637, 1265, 1362, 234
13.4301042168634, 0.67002285687835, 17.7762154338649, 0.563659053894226, 0.256383299216139, 0.0845474826586433, 39.9251115547493, 423.169296236453, 190.57410340209, 369.341851530131, 0.080387037997134, 0.261641322724754, 0.424852679337375, 0.510251065194141, 0.425348303555045, 0.425289516227785, 0.568776024952065, 0.569883685713168, 0.56978294204874, 0.569298866540194, 0.4, 0.368821320401039, 0.424674528802745, 0.053803998632729, 0.591239574960433, 11.3834803311061, 0.75283789537265, 0.0250250901855528, 0.425992549387272, 11.3728631157149, 0.78694740919047, 0.225089558994863, 0.42492315531848, 0.568349048844073, 1338, 80, 2, 7358, 1289, 1301, 1214, 1792, 147
6.28734112249222, 0.313995202013757, 21.2028938026633, 0.975897869168548, 0.0469820921798935, 0.0958566014133394, 238.580418876745, 281.366162416292, 115.748495030194, 224.587607630529, 0.188159850336961, 0.289164920488838, 0.590681757920887, 0.471677686838433, 0.511231101412326, 0.49268308522692, 0.425211920030415, 0.591889921647496, 0.590615086277015, 0.590895713616163, 0.4, 0.225924440849107, 0.493349506865721, 0.0420433069528081, 0.524699901108164, 8.50460632462054, 0.536502700680867, 0.0303426259892061, 0.591643768110778, 10.2326011649519, 0.665003094888525, 0.292792110784445, 0.590757524627261, 0.590696644791402, 1338, 80, 2, 5969, 1498, 2162, 1399, 1465, 661
7.77894497097004, 0.528136820294894, 19.2160438381368, 0.635170649011852, 0.285864601413393, 0.0550722177899443, 159.917293325067, 314.024207234383, 98.2960745723918, 390.957693455275, 0.139382115075714, 0.138617464703857, 0.510104918989353, 0.48557595510548, 0.455652788234875, 0.470211403074209, 0.590940127291251, 0.510080850200728, 0.510023917964194, 0.51088099495275, 0.4, 0.390662389446516, 0.48455593365524, 0.0310580364529975, 0.493152413682546, 10.2065327823069, 0.667543671880616, 0.022760692111589, 0.454026771541685, 9.09603250465356, 0.582232199013699, 0.270916562551633, 0.525855124191847, 0.455969326952472, 1338, 80, 2, 7278, 1216, 1277, 1231, 1699, 479
11.2834844807629, 0.385665917638689, 17.0001862286357, 0.733519901728723, 0.0894703170075547, 0.0355439757665154, 125.366464019194, 236.353592238389, 89.8984787969617, 255.72234304063, 0.155509678305243, 0.273184805630008, 0.524883948185481, 0.579129260174464, 0.485526496330742, 0.485447180666961, 0.510373984953389, 0.524647370649502, 0.454907760731876, 0.524185641973279, 0.4, 0.255749920133501, 0.579660966378637, 0.0448851088648662, 0.470452105272561, 9.09074394304305, 0.583768045836827, 0.0358914344521239, 0.579048488672357, 9.87060444336385, 0.686538554520346, 0.284100578104146, 0.493378196451347, 0.525644888590556, 1338, 80, 2, 8846, 1152, 982, 1121, 1231, 10
9.23544691954739, 0.563952114401618, 17.5723508295836, 0.675117795293918, 0.145089135498134, 0.048314539389452, 58.6845764802769, 219.09632929333, 102.177968496969, 325.917751604691, 0.0657049231883138, 0.171718944785534, 0.484298703517765, 0.414765246266965, 0.412812865481712, 0.578450287414249, 0.455495279478375, 0.471688057527877, 0.49350428181421, 0.493386722018942, 0.4, 0.324380781002343, 0.414732862090692, 0.0340085062706843, 0.497846629721578, 9.86110247104429, 0.68853469292121, 0.0396832522295415, 0.497482601036318, 9.40388227328658, 0.640512036661385, 0.378342562986072, 0.485911570128053, 0.470487293908838, 1338, 80, 2, 5832, 1909, 2147, 1246, 1277, 540
13.9899885933846, 0.426145114632091, 15.6895559196128, 0.713287815168733, 0.06962791125488, 0.0204435267897788, 28.1666092094034, 449.699162302795, 24.6967019330244, 292.280234844889, 0.174392892905744, 0.102459496584488, 0.578232671751641, 0.45135069413716, 0.478501515253447, 0.497102369418368, 0.524924101770855, 0.484060389115941, 0.4842711487161, 0.485919285055716, 0.4, 0.292483388824388, 0.479049306662753, 0.0370409136143513, 0.44034573170729, 9.42304328419268, 0.628475389842177, 0.0344080033584498, 0.451603528929874, 9.9237873048801, 0.769921176783741, 0.29752500682557, 0.579410336749163, 0.484548323298339, 1338, 80, 2, 7506, 1290, 1212, 1246, 1176, 874
9.8444024001481, 0.35055245609954, 18.9730420764536, 0.740062393399421, 0.0324335606175708, 0.00738455703458749, 105.671211965755, 110.077735379641, 58.8520867068088, 284.185410214588, 0.255882877225522, 0.068314799607615, 0.440027236633934, 0.478602632379625, 0.498018735011574, 0.441888295618352, 0.485047669346444, 0.414139846720733, 0.57958853362361, 0.579529790537898, 0.4, 0.271532390900888, 0.499379843174014, 0.023033352482412, 0.451486157747917, 8.81028709152713, 0.561693431293126, 0.0529811389928684, 0.412499560964759, 8.82226266835816, 0.645345578657696, 0.24135253475979, 0.450381984923501, 0.578108969661873, 1338, 80, 2, 8032, 1303, 1260, 1261, 1200, 0
7.01187695565168, 0.286675024552969, 19.9978433958488, 0.5354213692341, 0.153977389811073, 0.0399954608019907, 82.6096747988835, 135.963464460615, 80.383666454046, 379.801793792751, 0.144119671626831, 0.141236152274068, 0.413633331012912, 0.49976354349032, 0.473015280025545, 0.415315797613934, 0.441897374119144, 0.450249357037246, 0.440604634887073, 0.497185457252432, 0.4, 0.296896927913185, 0.474931668256875, 0.0300847752736881, 0.413875165860169, 9.005041843215, 0.522225353233982, 0.0481904199510813, 0.460650423817337, 8.3064431504719, 0.523813991625328, 0.214143273502123, 0.412074728011154, 0.414790194140282, 1338, 80, 2, 8009, 1316, 1222, 1217, 1211, 0
5.65820704449434, 0.446043843559455, 18.0299212276936, 0.696880892594345, 0.097417879550904, 0.0822488193374593, 208.939205545746, 40.950824388396, 30.1220278641908, 297.375348560046, 0.225962454951368, 0.125831570446026, 0.499399228357244, 0.461652719383128, 0.565154699479695, 0.451199451299384, 0.413648662711494, 0.478172254564706, 0.412051787387114, 0.414307747436687, 0.4, 0.240342550874222, 0.541363176725805, 0.0396847431967035, 0.473712799182162, 8.26372065689415, 0.619733997090487, 0.0256843063961715, 0.564401418113615, 9.59614533572458, 0.608564064108534, 0.273489017046522, 0.499058568213601, 0.45137888832856, 1338, 80, 2, 7866, 1212, 1462, 1179, 1218, 76
8.61055182106793, 0.496445254725404, 23.2909383428283, 0.654941908784676, 0.118386725844676, 0.0378618128632661, 101.19164355211, 251.174412801769, 172.440165086277, 250.233268530108, 0.077245626495569, 0.0857040656224126, 0.565308774680831, 0.475676464842167, 0.429912414933555, 0.478622273308691, 0.499089877052698, 0.499425260898657, 0.498764967923984, 0.451551998127252, 0.4, 0.215462842101697, 0.406079781483393, 0.0344345436517149, 0.565481648968533, 9.97670808863826, 0.647451298872707, 0.0541523647930473, 0.474667266114615, 9.50994801467285, 0.591496254074387, 0.341206366611179, 0.472569738500752, 0.499317528243642, 1338, 80, 2, 6733, 1247, 1486, 1316, 1201, 1038
12.0607823892729, 0.430131467379397, 18.7320522947237, 0.913656551628374, 0.213564690924413, 0.0702319337734953, 179.648900162429, 157.035498276376, 105.254401200684, 212.128968530335, 0.10696728517767, 0.0587270445446484, 0.474770152216777, 0.421026096342132, 0.570378326470032, 0.472895130094141, 0.472779645597562, 0.472401204424445, 0.460090523302089, 0.475615670220461, 0.4, 0.364383206279948, 0.571625029987656, 0.032218283096049, 0.429261473983526, 9.44862142151222, 0.612006574339932, 0.0576481459534727, 0.540744154576678, 10.8324399399851, 0.747029824887868, 0.229333952093497, 0.460211159576662, 0.461155187323689, 1338, 80, 2, 7347, 1323, 1234, 1229, 1208, 631
5.33664856895339, 0.402554112923099, 23.5642676690128, 0.689213207361754, 0.0512929717044113, 0.0229729089592584, 34.4540136212483, 191.608701259922, 134.132968683913, 278.237703120802, 0.264407473345636, 0.106850526169292, 0.541229149606079, 0.571425295917783, 0.501502310161013, 0.460545475619379, 0.460374566132668, 0.460299059701152, 0.565914413101971, 0.421496128306724, 0.4, 0.274231363705359, 0.588354977864772, 0.0482770862416364, 0.407516516141128, 11.2965403033048, 0.71028992359899, 0.0476364349230193, 0.428730462661013, 8.43238931637257, 0.711867744125891, 0.22061586893443, 0.564555342432111, 0.475700117020868, 1338, 80, 2, 7977, 2002, 1222, 909, 1014, 2
11.8945640202146, 0.362769299343927, 24.4291066867299, 0.928280821068911, 0.211214351159288, 0.0694408407658338, 168.089844953269, 60.0637043834431, 139.826101424242, 229.481418027077, 0.213039434900274, 0.220188081584056, 0.421552730161697, 0.535419076488353, 0.537367326187436, 0.540830756820273, 0.444803797442932, 0.421684948196169, 0.540179600201081, 0.444260145653971, 0.4, 0.220203626400325, 0.53405012965994, 0.0242704872298986, 0.570666533278767, 8.59070190541446, 0.531175527268322, 0.0468986528772861, 0.57020872305939, 11.8609234918188, 0.530957586266333, 0.37039173411997, 0.420006953108124, 0.531368334767874, 1338, 80, 2, 8735, 1040, 993, 970, 1239, 217
11.6542683163192, 0.50445802179398, 21.9130936272675, 0.750691332349088, 0.201880095914332, 0.0672634232565761, 241.514472161978, 472.770996645489, 136.883625999256, 220.859911413863, 0.292183300173492, 0.217268996115308, 0.407306946872268, 0.536808593281545, 0.532065606810153, 0.571921137331519, 0.592404204615857, 0.538723764940631, 0.40709071925655, 0.500440822898876, 0.4, 0.206138622637372, 0.572449916726444, 0.0213200442892499, 0.531411338968202, 8.1350565279182, 0.509233958608005, 0.0545978320805356, 0.538336716247257, 10.7184272320662, 0.509925552662229, 0.389642629173584, 0.407632444328163, 0.534813558035064, 1338, 80, 2, 7421, 1224, 1067, 1198, 1203, 1051
13.6324795205146, 0.723288309094496, 21.7667176721152, 0.842188740804559, 0.121142829033872, 0.0813961832474452, 172.901488978043, 344.546028451598, 174.204426643299, 206.064463257324, 0.220962246753043, 0.265094549466739, 0.570384820105974, 0.560222557218745, 0.560429482362233, 0.589040536419954, 0.535014420947526, 0.592128601523116, 0.538346265674569, 0.538926998076495, 0.4, 0.245913439575117, 0.561449789414648, 0.0579464593765326, 0.539589151161723, 8.9004492248781, 0.652273025873816, 0.0520647763363086, 0.53388067249814, 10.7338638378493, 0.566585268112831, 0.33880715782987, 0.571993692674674, 0.536597911765333, 1338, 80, 2, 7681, 1190, 1292, 1137, 1167, 794
8.82476466095541, 0.577130246494198, 23.1197842444526, 0.833752715237206, 0.242766035376606, 0.00591941626276821, 173.528467168286, 335.58239982978, 82.9260718502337, 300.00929958839, 0.215157537703635, 0.146033407630166, 0.500030232485849, 0.503240042917896, 0.599062515643425, 0.531018508284353, 0.536657331951894, 0.535161029317416, 0.592000388556626, 0.592509441713337, 0.4, 0.300558081189636, 0.503058929502498, 0.047962539321091, 0.592057624544483, 11.7846728782449, 0.782720090119401, 0.0406348641310818, 0.476779095218051, 11.4602889173571, 0.756458096628776, 0.392604158877395, 0.531832467064261, 0.572548256387934, 1338, 80, 2, 7861, 1250, 1212, 1229, 1657, 0
13.1796167332912, 0.599221336992923, 24.9391369634774, 0.907813845038181, 0.15890244064338, 0.0564800621562172, 217.856897884607, 434.255408325559, 163.521070051962, 392.33123889938, 0.26565193970222, 0.252165778495837, 0.538501686775591, 0.466061132841278, 0.466015600465704, 0.592859237307683, 0.572066504133865, 0.563717254215386, 0.533106096298434, 0.53302340955846, 0.4, 0.330956674316898, 0.411071059634909, 0.0464580352095887, 0.533233941544313, 10.6354164366331, 0.704192140155938, 0.0597454849830829, 0.562480881186668, 11.2073966858629, 0.706209770465502, 0.335144181910437, 0.592023502148688, 0.477775816605892, 1338, 80, 2, 6418, 1030, 1613, 2842, 1188, 173
10.1278653486399, 0.588789929596242, 24.1094328067033, 0.669885210988577, 0.106012586657843, 0.0740742599254008, 203.0800056912, 197.062486744812, 183.534244929161, 337.288139668759, 0.146604728628881, 0.178483117931173, 0.532107654804829, 0.411107206337154, 0.411420237818733, 0.536957042463589, 0.477820210703183, 0.503665816705674, 0.476129841603804, 0.573971829448827, 0.4, 0.334962672291324, 0.509449159897864, 0.0352316713680513, 0.476698752825614, 11.8714795837086, 0.698715774391312, 0.056659353445936, 0.502950719225686, 10.043709901562, 0.698831648514839, 0.372022477280349, 0.536766363142524, 0.563298590725754, 1338, 80, 2, 3207, 3093, 1830, 1852, 2867, 180
8.36506908242591, 0.658806724067545, 20.4368877715198, 0.529941454245709, 0.0252565743918298, 0.0592545631199609, 89.8057266257703, 260.435903472407, 42.0530803135363, 372.839534858242, 0.178371656719828, 0.13382792781631, 0.476574758824427, 0.552459392861463, 0.51336137038609, 0.562037796447054, 0.503964003079571, 0.466895563377999, 0.502611328956205, 0.560708960480057, 0.4, 0.372928722883575, 0.551738982511219, 0.0405375943713821, 0.502958541579545, 10.6608308882918, 0.7439517960581, 0.0416249823540449, 0.46670303262258, 11.6608163981326, 0.616016580990283, 0.363313420757651, 0.572614128604997, 0.599595560828689, 1338, 80, 2, 3857, 3524, 2594, 2055, 1285, 0
10.4069959685905, 0.278871165134478, 20.640284320456, 0.774467795558739, 0.168781967463414, 0.0901320834585931, 230.105384066701, 495.468932608678, 151.656888893596, 363.001181221567, 0.0635021359700477, 0.278666555748205, 0.560740059313364, 0.586312715896405, 0.551648782274686, 0.502059338026214, 0.466803084529936, 0.582520620489027, 0.582153318737634, 0.466586168624926, 0.4, 0.277031619105022, 0.469097515244037, 0.0597447207560763, 0.598875357261859, 11.4460502762161, 0.516533588781022, 0.0500813346810639, 0.582214109899476, 8.23270418905653, 0.740076603641501, 0.302591896763071, 0.476549456009176, 0.411071636794601, 1338, 80, 2, 9011, 1196, 1030, 1012, 970, 99
9.06622550222091, 0.616005755724618, 18.477536438941, 0.867386302795494, 0.126415271452675, 0.0479064770946279, 139.60710528288, 179.860743663949, 178.432585092052, 398.533916121814, 0.234639642661205, 0.0636549682478653, 0.583036882143468, 0.549090748783201, 0.469893447146751, 0.467142532269005, 0.410942646428011, 0.481056918637827, 0.410992642954458, 0.410506613309961, 0.4, 0.362199407089967, 0.553472896708641, 0.0334853613908403, 0.466741297551431, 9.53648627378978, 0.62116840722505, 0.0338526631870307, 0.411408949790057, 10.2621096182708, 0.65472034612624, 0.308597694019321, 0.56001142141223, 0.508118119331077, 1338, 80, 2, 1551, 5336, 2190, 1613, 2319, 40
12.5483487480786, 0.530873704667902, 22.4987569989869, 0.87706253567012, 0.109817995423218, 0.0637631278885529, 106.906767889485, 467.447548048222, 122.335860528611, 267.19295965787, 0.191663306656992, 0.185355841913261, 0.411254009676166, 0.402019173660781, 0.576563000413123, 0.582640599678736, 0.48152248045383, 0.546984348569531, 0.480859974261373, 0.481703170896042, 0.4, 0.383503036092967, 0.51949143223092, 0.0220022637091577, 0.582555332546122, 11.2640995910577, 0.602894191176398, 0.0554876923828386, 0.508850129533559, 8.67130318064243, 0.799247733646538, 0.280438035398256, 0.50306443151366, 0.550466361930594, 1338, 80, 2, 7682, 1151, 1369, 1208, 1483, 287
8.49097257414833, 0.626707897913875, 23.8887131391559, 0.581622720657615, 0.281334032412176, 0.0157667133053765, 186.939302464388, 372.936905386392, 118.417288525682, 382.785799474921, 0.284588004427496, 0.234659774618922, 0.546897456759121, 0.515870717663318, 0.580924621724058, 0.410330521343742, 0.469408581070136, 0.513995996497571, 0.551147220904473, 0.55058614165429, 0.4, 0.308811655314639, 0.515039780136198, 0.0360352934545837, 0.508829603743274, 10.0569478118233, 0.550105905847624, 0.0438660148360766, 0.480858038458507, 11.0551394961867, 0.601974107177928, 0.350784882149193, 0.509334387885872, 0.432191276546102, 1338, 80, 2, 8320, 1240, 1211, 1144, 1183, 0
6.69474801751785, 0.630495659750886, 19.7873783395393, 0.881538321884582, 0.226530229883874, 0.0602074380090926, 145.668103457242, 18.3153874393553, 17.8117605009116, 210.196463992819, 0.236925438886974, 0.192269825561671, 0.551354492856655, 0.580097285530064, 0.495392406893428, 0.508679778301623, 0.553083196000196, 0.551202202262823, 0.468208306793589, 0.468786566747818, 0.4, 0.281917467389256, 0.581015771450475, 0.049440951065626, 0.512165205066558, 8.23630087367259, 0.722544737594668, 0.0431527046248317, 0.512213453804143, 11.7443535226583, 0.774470636805287, 0.318814235999715, 0.547485766906757, 0.552594106887002, 1338, 80, 2, 7983, 1219, 1321, 1186, 1199, 3
12.618162917858, 0.71567985445261, 22.8137073457707, 0.942032889097463, 0.265489879336394, 0.026867509777192, 93.533622908406, 290.211470170296, 28.0005409375066, 308.708640121855, 0.27151192014222, 0.235116683341912, 0.468308256021235, 0.494628144514281, 0.457088916605338, 0.481745500742923, 0.548410011543427, 0.586211818284355, 0.432896155258641, 0.402477951150853, 0.4, 0.312785038703587, 0.457504288692027, 0.0426071523558348, 0.587679878175724, 9.60699545241892, 0.764871115728514, 0.0389046088660136, 0.551813596568536, 10.9883022849448, 0.620470335039543, 0.315664523826912, 0.46848569632927, 0.586900508444756, 1338, 80, 2, 8144, 1275, 1202, 1213, 1319, 0
10.7127141434466, 0.691975515919039, 16.5747419760562, 0.505993120914791, 0.0145579821557505, 0.0313775323778391, 50.3118602059782, 455.636875932291, 129.998485041736, 313.297056516632, 0.19773790589883, 0.0529439897165867, 0.432381216579117, 0.456374710530043, 0.527667633682024, 0.432890459334478, 0.577415115737822, 0.577443359043915, 0.553287339795381, 0.514825292722788, 0.4, 0.232092472700402, 0.418260518157855, 0.0498985294493847, 0.54984207328409, 8.64053648368455, 0.677209518422838, 0.0312065985425375, 0.469454846265726, 11.5480694647133, 0.720358914237004, 0.381327090506908, 0.433987355199177, 0.518340610592626, 1338, 80, 2, 7979, 1194, 1230, 1562, 1222, 1
14.0912783090957, 0.545125387778971, 17.3717693339335, 0.785484530944377, 0.176579459531722, 0.0445507842565421, 188.50477105584, 30.8622835750226, 160.022284477972, 350.352847447619, 0.0525611302524339, 0.169720164401224, 0.587752825536765, 0.527151522196829, 0.521906387171708, 0.587503131318372, 0.514083670401014, 0.51989671623148, 0.518464492741507, 0.580864054553676, 0.4, 0.349134690444451, 0.527281620366964, 0.0555333255681209, 0.576710411192849, 11.0645237138774, 0.673135370469652, 0.0239630054036155, 0.433788634871598, 8.05454464301467, 0.6705474248135, 0.209557138566393, 0.587458828347735, 0.403579521361273, 1338, 80, 2, 8326, 1158, 1129, 1138, 1130, 289
5.45453928930219, 0.701253738050582, 15.8044673598371, 0.549769657787401, 0.194149228159967, 0.0985206665270962, 222.600253689848, 54.4353163162712, 38.5118382818997, 269.304032693617, 0.275718710896908, 0.207642787874211, 0.519530548344832, 0.430254402752966, 0.462380197721999, 0.549336570810527, 0.581616259705275, 0.402981436185073, 0.514552710127551, 0.556170710823964, 0.4, 0.377974732497707, 0.556847363584675, 0.0560235050635412, 0.403946751113981, 10.9809859636333, 0.772666726672324, 0.0455459488910623, 0.587398723714054, 10.5552022226527, 0.72756553355488, 0.256986191503238, 0.548683516422287, 0.514443260837812, 1338, 80, 2, 5411, 2209, 1810, 2155, 1406, 32
9.74134462983347, 0.48526266372879, 15.2313926751725, 0.818262257971801, 0.185836775693903, 0.0088968839738518, 152.200865297392, 393.180679005757, 125.400187693373, 353.981343648862, 0.168836677117506, 0.246010989875649, 0.402061209320091, 0.521443326802459, 0.447992966521531, 0.515292153632734, 0.495597790844273, 0.408093125060666, 0.526876271708403, 0.43096371638868, 0.4, 0.318268754461315, 0.430804065759294, 0.0389569437207654, 0.408792642901186, 11.528771807421, 0.641077897022944, 0.0512173489555716, 0.494354803068563, 8.62852047998458, 0.602530322467443, 0.326821567947976, 0.402926096962299, 0.580126999309286, 1338, 80, 2, 6968, 1582, 1273, 1265, 1312, 851
12.8596717014909, 0.473064616756747, 16.740743962815, 0.890104766737204, 0.13826478428382, 0.00233231284911744, 21.9446485148743, 304.920591611997, 61.162374282605, 256.77860656241, 0.0738644359313184, 0.201175584369339, 0.515427828999702, 0.453330126231071, 0.416607442080043, 0.457201379876118, 0.457879449219909, 0.49486717337044, 0.431158409446944, 0.520200694356579, 0.4, 0.202298503612168, 0.452796883479226, 0.0315353078047745, 0.419244405016769, 8.0496391502209, 0.586574824050069, 0.0443558025429025, 0.457814530040138, 10.4305760589521, 0.730036032560747, 0.252836614372209, 0.514328413310461, 0.494693031449337, 1338, 80, 2, 6705, 1195, 1185, 1726, 1192, 1044
6.51767335881013, 0.668994972419459, 24.7214316317113, 0.577479087290121, 0.252550605760794, 0.0176197651166003, 124.977227088995, 139.511640502722, 70.3830222892342, 218.91422277689, 0.209649008696433, 0.116562422086135, 0.494835847180337, 0.566022835915908, 0.405431150828954, 0.418836962100118, 0.419714581053238, 0.456381182660814, 0.489339426581282, 0.452139657729771, 0.4, 0.20872344548814, 0.463993160142563, 0.0515289744454436, 0.55685548272403, 10.3027660774533, 0.734860359600978, 0.0304721807293594, 0.527207443101797, 9.27878447637893, 0.779188802100718, 0.263022338849027, 0.580759828601498, 0.431111072633881, 1338, 80, 2, 7124, 1948, 1199, 1560, 1214, 0
8.15811283171643, 0.742944150425028, 19.504474250949, 0.992200067858212, 0.294881472487561, 0.0977343750393484, 31.7775656091049, 226.32766160327, 168.316393890232, 262.567751410417, 0.0876815583556891, 0.161624146969989, 0.457668506188318, 0.59625408449769, 0.435930588787887, 0.527783427082002, 0.43017345873965, 0.418580365983769, 0.597990499165375, 0.462288883439265, 0.4, 0.35715893475106, 0.48942504697619, 0.0378587478764355, 0.453450731952209, 11.6040290348046, 0.594169712814037, 0.0327409705475904, 0.521766560653225, 9.76297724117525, 0.505424707621103, 0.288351533082314, 0.409597056354396, 0.567466700062156, 1338, 80, 2, 7241, 1202, 2244, 1238, 1202, 60
9.45432473479304, 0.29026682770811, 20.8173963857349, 0.615454272762872, 0.0787991868327372, 0.0533605282560457, 46.1485294084996, 418.38637435555, 197.460830585472, 367.096432868857, 0.201293429530924, 0.258193665205035, 0.419553675181232, 0.447316580438986, 0.595619518933818, 0.556398927481845, 0.567697087047622, 0.431924183242023, 0.446715569054708, 0.567163450710475, 0.4, 0.230304553137161, 0.567310103356838, 0.0534832136991434, 0.462869841380976, 9.14075472966768, 0.749041159651242, 0.0377937353190966, 0.488742849325296, 11.3456674115732, 0.514852460020687, 0.367377424989827, 0.556265966132749, 0.446552376779262, 1338, 80, 2, 5928, 3174, 1435, 1193, 1213, 4
13.3715470409719, 0.260549980772194, 21.133242263901, 0.510356519201305, 0.0352178334693657, 0.0431744290476199, 155.040226780809, 127.478226933256, 54.6937964115525, 246.990800776053, 0.116371269222582, 0.0711524386389647, 0.520718127872795, 0.416268515789881, 0.442574914451223, 0.431178897710983, 0.597685584757943, 0.521951837623026, 0.417200657002628, 0.597575727458578, 0.4, 0.262454042048659, 0.597766944366973, 0.0293341151691042, 0.435966716557741, 10.5288667266909, 0.795831411294872, 0.0294735745334998, 0.446277021201327, 8.95812495244667, 0.585252736978699, 0.396467209712137, 0.430927195521537, 0.416584887145553, 1338, 80, 2, 5261, 1649, 1246, 1229, 3525, 0
7.33774473236408, 0.337813224793645, 22.1773198918905, 0.985543833560077, 0.0169617689267732, 0.0138825625625905, 73.2057165712118, 21.2798477358418, 15.4861384741496, 235.62052373495, 0.12849911654368, 0.0946552165760659, 0.453286475396715, 0.404893843255471, 0.491684662560932, 0.520547383937519, 0.405933912797365, 0.453906076835003, 0.523264935795218, 0.416221364739351, 0.4, 0.396628314577509, 0.447534647792578, 0.0235439457511529, 0.491892201059964, 11.1570247245487, 0.5691537499798, 0.0210479675564915, 0.417896400768775, 8.3454719051905, 0.527273726144573, 0.216010901029687, 0.521420336738229, 0.595231317988597, 1338, 80, 2, 7817, 1399, 1232, 1218, 1328, 0
5.89537606041413, 0.736260156623321, 16.3632991775405, 0.605101540100295, 0.0605242002139101, 0.0875964380360674, 246.081425464526, 97.1387438269332, 50.7971051181201, 242.677822757978, 0.160401991060353, 0.195628716424108, 0.463619921989739, 0.434270457829814, 0.517602623758372, 0.452802290074993, 0.435794790041167, 0.48942760002939, 0.427045310666319, 0.435592363561038, 0.4, 0.216635438824072, 0.435620532520581, 0.0270382363723591, 0.517457659172825, 9.25682065739296, 0.526566244454123, 0.0271683488793671, 0.594307288393844, 8.11960997458547, 0.553613053661771, 0.205353678297251, 0.453619394920766, 0.443402931896038, 1338, 80, 2, 8013, 1161, 1191, 1467, 1047, 148
14.759188186517, 0.556909143388038, 23.7756193550536, 0.726518573424546, 0.292766866985545, 0.0926887007113546, 65.2214386083186, 489.907299563778, 95.8688978840364, 306.387291722931, 0.297170693452936, 0.158553481971612, 0.489721003072802, 0.594878992308397, 0.543558603568003, 0.488736284080893, 0.506493463909254, 0.447006499313749, 0.574841273827478, 0.443103670835961, 0.4, 0.394866138742305, 0.595590664922725, 0.0590151266954839, 0.523801215195097, 11.9277125343587, 0.7928889501167, 0.0287711911974475, 0.442941829138435, 10.1460543369502, 0.793545158374822, 0.235829917641822, 0.596882352832705, 0.490597095148172, 1338, 80, 2, 6385, 1212, 1466, 1912, 1249, 988
10.8923427197151, 0.469970204595011, 24.2317695498234, 0.792004470885731, 0.180638963051047, 0.0413496047032531, 15.2162038870156, 297.190323698521, 145.219210144738, 291.345899803098, 0.0551786747446749, 0.227985814287676, 0.597142452974338, 0.442807734933682, 0.439145263751969, 0.5960897530769, 0.490920252459589, 0.404235086820554, 0.585388329955284, 0.491943684939295, 0.4, 0.307362415089272, 0.443085425497033, 0.0285445248570293, 0.486313102770597, 8.3481035700161, 0.637223095683381, 0.0374755000145175, 0.517748132013716, 10.3339692731947, 0.563208893234143, 0.307834175242111, 0.446463620891329, 0.522533846848644, 1338, 80, 2, 7514, 1223, 1216, 1200, 1228, 713
11.1884195593419, 0.608313411634881, 19.1624677626882, 0.808740744711831, 0.13755316250769, 0.0721544442703016, 138.761068443768, 359.238210970862, 46.2217313943198, 317.399549236521, 0.0935098379850388, 0.0983184176724171, 0.447787651049439, 0.507721628679894, 0.574699508303311, 0.44701555648027, 0.516132619793061, 0.435097764254082, 0.545348101773765, 0.516063712975476, 0.4, 0.290465515045915, 0.506325197857805, 0.0433336769461632, 0.543619707878213, 9.81068722438999, 0.683446049039485, 0.0570421309311874, 0.487763133626431, 9.72041150680743, 0.636261322034057, 0.322492558252066, 0.41723174453387, 0.542156211498193, 1338, 80, 2, 8159, 1206, 1255, 1245, 1199, 85
6.99344438912813, 0.348644528720761, 22.2566073738039, 0.935238644251367, 0.262832297863439, 0.000905543544562534, 120.229125798307, 104.850036824518, 35.1907630070811, 323.967316069175, 0.103936836525681, 0.0841934091952862, 0.594266838218551, 0.490358548356686, 0.585402237126604, 0.405284651668742, 0.522683472095523, 0.442008774699643, 0.401616602492519, 0.542439916121773, 0.4, 0.323943292653188, 0.523537782103289, 0.0444594585951418, 0.439362369624432, 10.3334373714216, 0.559487106047571, 0.0366085060596466, 0.575941621648613, 8.79825822444633, 0.675271286518779, 0.38484909906704, 0.443993055821862, 0.438175686842762, 1338, 80, 2, 7126, 1497, 1674, 1357, 1371, 1
14.2487241242547, 0.456753127661068, 15.0729241219349, 0.961835600845516, 0.219161718459241, 0.0295293364557438, 114.563924246095, 76.0991017186549, 185.587745263451, 343.83556489693, 0.182554539263365, 0.282338297168608, 0.506872706154361, 0.5168603385319, 0.544178862139117, 0.516007294748444, 0.542246408227365, 0.507539118493441, 0.459876522928942, 0.439595744693652, 0.4, 0.28660568754375, 0.584035785635468, 0.0254122615981847, 0.42790750794718, 10.4512522871327, 0.77751143136248, 0.0491942534169182, 0.54492974831583, 8.52083731476218, 0.6855216898527, 0.345720653348137, 0.490974597500172, 0.427091510595754, 1338, 80, 2, 7043, 1229, 1336, 1167, 1184, 964
12.2355622425443, 0.251976030512014, 17.9982312294422, 0.707006860050606, 0.0965389482599217, 0.064810504187597, 57.3138704631478, 211.269927806826, 89.6556794840842, 385.492066453677, 0.154906619517715, 0.154057431456749, 0.482895984148141, 0.543174905773252, 0.400356722624041, 0.4386724743573, 0.584082546179648, 0.543898592227604, 0.529876162740402, 0.42711724019656, 0.4, 0.238039057055954, 0.48255212420132, 0.0550942508596927, 0.57433444699645, 9.75986855125055, 0.716117998215836, 0.0200852652125061, 0.400016537118703, 9.65944669346325, 0.630517402513651, 0.20187123312382, 0.516690999782179, 0.482112827809528, 1338, 80, 2, 8305, 1200, 1095, 1211, 1193, 28
5.05562660656869, 0.396493881299393, 21.4394071488641, 0.647360986600397, 0.233370607455447, 0.0777728126046714, 231.824195865169, 364.576550818025, 148.098580491403, 283.67411040701, 0.124960634484887, 0.124986823170912, 0.529209968835115, 0.427895619304851, 0.529727744166739, 0.57407031407766, 0.544653727050405, 0.439877786757425, 0.422264041578397, 0.584004266454838, 0.4, 0.38427157378057, 0.400063396582846, 0.0569385123129934, 0.483667518018279, 8.79906370713375, 0.502803486554651, 0.0459857924762182, 0.529482853301801, 10.916968299225, 0.559771642109146, 0.329016415868886, 0.483380406079814, 0.545925418568775, 1338, 80, 2, 7464, 1271, 1234, 1972, 1216, 72
7.96181718993466, 0.308468983113999, 22.7388502619462, 0.820990621647798, 0.044089273715578, 0.0110406885286793, 10.3562751144171, 153.860151360603, 11.1560907294508, 344.828032803256, 0.243620775573072, 0.211516435153899, 0.555491194051225, 0.575616563921794, 0.554763066632673, 0.544100929037202, 0.400892431520391, 0.427912012926769, 0.449469768561423, 0.545572386162821, 0.4, 0.344374617808964, 0.528847175639123, 0.0200886648758315, 0.544102331054863, 11.7007587753236, 0.694767721530516, 0.0511396155817434, 0.555933062308468, 9.16257059381343, 0.54041920277779, 0.354075739786029, 0.458499319395982, 0.459313761139289, 1338, 80, 2, 5871, 1953, 1679, 1217, 2283, 0
11.4672960998956, 0.372931686666561, 16.1341600357089, 0.556934567126446, 0.0820972831993597, 0.0243314706066158, 81.7928081171587, 324.228820382571, 66.4310584265273, 200.6162983994, 0.111968932568561, 0.244212429018226, 0.448152077665552, 0.544232963378075, 0.422242911173496, 0.400889513173606, 0.52851649799943, 0.575333066380117, 0.437394683214836, 0.459976217633113, 0.4, 0.259745325410739, 0.422562286030501, 0.0457073128544725, 0.458284905681852, 10.895787634626, 0.732905694773188, 0.0244628293107264, 0.423592083397321, 10.56283871633, 0.694117993348278, 0.249755743831862, 0.554827868588269, 0.422276554263197, 1338, 80, 2, 6640, 1107, 1614, 843, 2837, 3
6.16439236458391, 0.410128616654547, 16.8984457535669, 0.620730997496285, 0.0624250908795744, 0.0181473606047221, 196.234122666717, 388.779787436291, 157.080536009138, 329.529314727057, 0.095637528525549, 0.0789891580492258, 0.436455831025261, 0.528865689819679, 0.448452712375205, 0.555575750148855, 0.449622140319552, 0.528382529911585, 0.465922913842369, 0.528518819582183, 0.4, 0.354351240451448, 0.44924833918782, 0.050823955043219, 0.555931768940762, 8.47212325504981, 0.574634618349839, 0.0272807687720284, 0.437734337172937, 8.98321847921237, 0.573786040769657, 0.237920335357077, 0.436364549529739, 0.465153794543818, 1338, 80, 2, 8313, 1086, 1052, 1544, 1196, 0
7.47323630279861, 0.512230483564781, 18.2013523306232, 0.593442178444238, 0.160826580511942, 0.0321973020138685, 69.3526613818482, 171.465556028648, 71.808332805126, 237.305375977885, 0.130086500442703, 0.110839020515559, 0.464016912728548, 0.436654767118394, 0.504191900388338, 0.423311080042273, 0.437759589056019, 0.55414309866121, 0.50578631226765, 0.554878533077426, 0.4, 0.248059623672627, 0.43721068839822, 0.027453735978622, 0.422959929143079, 9.28430910239928, 0.596938201282406, 0.0330251294814981, 0.505893113869242, 9.30311843582429, 0.65736153099034, 0.265207092521712, 0.464704746464267, 0.505006490583997, 1338, 80, 2, 7955, 1202, 1122, 1214, 1317, 167
10.2057194893481, 0.646299959974131, 20.2551427104976, 0.764431260796264, 0.240516674942826, 0.0794360295210499, 201.223946016841, 269.277791247936, 108.841717221076, 359.218861302827, 0.248123609285103, 0.18055890709802, 0.559127767688595, 0.558322120676283, 0.559847898480948, 0.505154058365151, 0.55944358584052, 0.559299122474156, 0.559163154354319, 0.504708563624416, 0.4, 0.265496515253093, 0.465998034475371, 0.0408236960652284, 0.504926585857756, 10.0941578195337, 0.658683524709661, 0.0408140185202472, 0.559434597198851, 11.1953547049314, 0.737870958998799, 0.358377390834969, 0.505436626274139, 0.559111034916248, 1338, 80, 2, 8394, 1174, 1141, 1200, 1140, 25
