job4_Modifier, "job5_Max", "MinDistCityAttractiveness", "Job6Attractiveness", "job7_Value", "job6_TippingPointX", "rtm_TippingPointY", "job2_TippingPointY", "Job3Attractiveness", "job5_TippingPointY", "minDistBetweenCities", "maxDistBetweenCities", "rtm_TippingPointX", "rtm_PlateauPointX", "rtm_PlateauPointY", "rtm_AgeModifier", "rtm_ResistancePerChild", "MinimalMovingDistance", "MaximumMovingDistance", "MaxDistCityAttractiveness", "Job1Attractiveness", "Job2Attractiveness", "Job4Attractiveness", "Job5Attractiveness", "Job7Attractiveness", "job1_TippingPointY", "job3_TippingPointX", "job3_TippingPointY", "job4_TippingPointX", "job4_TippingPointY", "job4_Max", "job5_TippingPointX", "job5_Modifier", "job6_TippingPointY", "Seed", "NumberOfYears", "WarmUpTime", "City 0", "City 1", "City 2", "City 3", "City 4", "City 5"
9.50619812094607, 0.500108774417546, 0.13334095836326, 0.512143672608305, 0.478496946725994, 0.383937580309343, 0.612781662354246, 0.4, 0.476146136146039, 0.55080436358694, 103.71479585357, 185.419136159588, 10, 20, 2.18927379355417, 0.16, 0.05, 100, 250, 0.1, 0.5, 0.5, 0.5, 0.5, 0.5, 0.5, 0.3, 0.5, 0.04, 0.5, 0.6, 0.04, 10, 0.5, 1338, 80, 2, 8109, 1226, 1231, 1209, 1196, 46
9.81041925971396, 0.676908366846154, 0.282057838511537, 0.556248422869947, 0.504820718739182, 0.305746641591191, 0.630391029047314, 0.4, 0.473427383103408, 0.465419282753486, 243.829546045139, 212.422367744008, 10, 20, 45.055785081911, 0.16, 0.05, 100, 250, 0.1, 0.5, 0.5, 0.5, 0.5, 0.5, 0.5, 0.3, 0.5, 0.04, 0.5, 0.6, 0.04, 10, 0.5, 1338, 80, 2, 7463, 1188, 2067, 1214, 1237, 16
11.106741776159, 0.792274989589117, 0.0623603848740459, 0.407854202585295, 0.541952051977627, 0.226722225135192, 0.414847950111143, 0.4, 0.402790893707424, 0.474050842404831, 87.1452497925609, 106.301318497397, 10, 20, 61.8584986912185, 0.16, 0.05, 100, 250, 0.1, 0.5, 0.5, 0.5, 0.5, 0.5, 0.5, 0.3, 0.5, 0.04, 0.5, 0.6, 0.04, 10, 0.5, 1338, 80, 2, 7521, 1132, 1131, 1106, 1106, 1031
8.24545009661466, 0.711004371077055, 0.0507946809852729, 0.547531372508034, 0.474074226974044, 0.390039794143289, 0.315509620190132, 0.4, 0.549720898963977, 0.44309997215122, 173.17722626403, 283.619156159507, 10, 20, 20.2762355303555, 0.16, 0.05, 100, 250, 0.1, 0.5, 0.5, 0.5, 0.5, 0.5, 0.5, 0.3, 0.5, 0.04, 0.5, 0.6, 0.04, 10, 0.5, 1338, 80, 2, 7854, 1153, 1197, 1078, 1062, 1022
8.34394396230578, 0.640864992587129, 0.115940965735936, 0.435386170888785, 0.528349666641559, 0.358261549978517, 0.692548497153912, 0.4, 0.520579766993877, 0.510194442830514, 201.455558548309, 242.702437749621, 10, 20, 51.4177234429226, 0.16, 0.05, 100, 250, 0.1, 0.5, 0.5, 0.5, 0.5, 0.5, 0.5, 0.3, 0.5, 0.04, 0.5, 0.6, 0.04, 10, 0.5, 1338, 80, 2, 8305, 1207, 1222, 1204, 1215, 1
10.4232078381535, 0.584327637592331, 0.147451024822658, 0.578348872606177, 0.591795202139765, 0.377002476328984, 0.717819451257819, 0.4, 0.482711175065488, 0.466202928268351, 242.214393486269, 235.532086150744, 10, 20, 29.5229004456016, 0.16, 0.05, 100, 250, 0.1, 0.5, 0.5, 0.5, 0.5, 0.5, 0.5, 0.3, 0.5, 0.04, 0.5, 0.6, 0.04, 10, 0.5, 1338, 80, 2, 7721, 1279, 1665, 1202, 1199, 0
10.1176564963255, 0.521963085067226, 0.250780415678164, 0.449946469903924, 0.539067733613309, 0.362357026649639, 0.509476410967764, 0.4, 0.592124624912161, 0.555047063212842, 42.0633420577273, 486.962529285159, 10, 20, 62.5862918381696, 0.16, 0.05, 100, 250, 0.1, 0.5, 0.5, 0.5, 0.5, 0.5, 0.5, 0.3, 0.5, 0.04, 0.5, 0.6, 0.04, 10, 0.5, 1338, 80, 2, 7146, 1478, 1168, 1302, 1218, 925
11.8399839868769, 0.760291314281989, 0.21878156738705, 0.517409974738955, 0.451016393692233, 0.208261682750192, 0.267462602132, 0.4, 0.50476567686582, 0.570175156198908, 216.361612192169, 27.2942859521834, 10, 20, 30.4081837980734, 0.16, 0.05, 100, 250, 0.1, 0.5, 0.5, 0.5, 0.5, 0.5, 0.5, 0.3, 0.5, 0.04, 0.5, 0.6, 0.04, 10, 0.5, 1338, 80, 2, 7677, 1102, 1036, 1088, 1048, 909
8.81471017965116, 0.734914214147488, 0.194173899214366, 0.536269642328378, 0.440431401058566, 0.343672230873723, 0.283805800330592, 0.4, 0.456932066659443, 0.419002511464059, 120.756716313772, 68.9880374361295, 10, 20, 64.1514731763583, 0.16, 0.05, 100, 250, 0.1, 0.5, 0.5, 0.5, 0.5, 0.5, 0.5, 0.3, 0.5, 0.04, 0.5, 0.6, 0.04, 10, 0.5, 1338, 80, 2, 7954, 991, 985, 1048, 1128, 997
11.2318217901234, 0.680131148721324, 0.102412254535011, 0.482780365865212, 0.410630604683422, 0.211751923461445, 0.388788374074502, 0.4, 0.575063249079511, 0.448757795345038, 135.496184874699, 434.953664281266, 10, 20, 4.83008886798983, 0.16, 0.05, 100, 250, 0.1, 0.5, 0.5, 0.5, 0.5, 0.5, 0.5, 0.3, 0.5, 0.04, 0.5, 0.6, 0.04, 10, 0.5, 1338, 80, 2, 7696, 1174, 1243, 1116, 1206, 587
10.795629349798, 0.503293635350885, 0.102776548191323, 0.590626790602691, 0.486403166238684, 0.357649785435759, 0.593637997555779, 0.4, 0.409797274332494, 0.591848233487457, 70.6187611144036, 345.617097838689, 10, 20, 33.3474807920196, 0.16, 0.05, 100, 250, 0.1, 0.5, 0.5, 0.5, 0.5, 0.5, 0.5, 0.3, 0.5, 0.04, 0.5, 0.6, 0.04, 10, 0.5, 1338, 80, 2, 7745, 1471, 1370, 1206, 1200, 141
10.2865841975529, 0.656955844514538, 0.207386064840248, 0.538839455475099, 0.552500390870031, 0.300257163600065, 0.345829598117853, 0.4, 0.53812359158881, 0.41279638423631, 160.802693768032, 224.989208167838, 10, 20, 34.0906932293926, 0.16, 0.05, 100, 250, 0.1, 0.5, 0.5, 0.5, 0.5, 0.5, 0.5, 0.3, 0.5, 0.04, 0.5, 0.6, 0.04, 10, 0.5, 1338, 80, 2, 7704, 1117, 1026, 1093, 1073, 1106
8.93650321727619, 0.799772498173872, 0.298525548843318, 0.432024690470658, 0.569616238729563, 0.344915508282837, 0.699192518807249, 0.4, 0.415780535181984, 0.56429957182426, 179.006486593001, 154.892222937685, 10, 20, 71.5662196346879, 0.16, 0.05, 100, 250, 0.1, 0.5, 0.5, 0.5, 0.5, 0.5, 0.5, 0.3, 0.5, 0.04, 0.5, 0.6, 0.04, 10, 0.5, 1338, 80, 2, 6848, 2321, 1299, 1239, 1283, 14
8.03005261274055, 0.694244057892822, 0.264963293861365, 0.497034767745528, 0.559959563022945, 0.351494832582772, 0.636526845294284, 0.4, 0.500837756598368, 0.534211301547009, 34.227710368298, 177.024362955638, 10, 20, 53.9947863141034, 0.16, 0.05, 100, 250, 0.1, 0.5, 0.5, 0.5, 0.5, 0.5, 0.5, 0.3, 0.5, 0.04, 0.5, 0.6, 0.04, 10, 0.5, 1338, 80, 2, 7818, 1363, 1347, 1190, 1260, 7
11.4030370110087, 0.556649994465057, 0.210738530012895, 0.420720819862559, 0.471451477875933, 0.338085545066278, 0.329166131296661, 0.4, 0.585385850791354, 0.432353575405665, 197.602174140699, 441.633813606831, 10, 20, 60.7810084157903, 0.16, 0.05, 100, 250, 0.1, 0.5, 0.5, 0.5, 0.5, 0.5, 0.5, 0.3, 0.5, 0.04, 0.5, 0.6, 0.04, 10, 0.5, 1338, 80, 2, 7802, 1077, 1088, 1034, 1046, 1068
11.0015478513855, 0.794047451584134, 0.11822086408094, 0.475345788477454, 0.467270966071635, 0.283372213372495, 0.686190164437285, 0.4, 0.406243599961046, 0.578112618609797, 142.390039648302, 278.95830946716, 10, 20, 43.7348914102506, 0.16, 0.05, 100, 250, 0.1, 0.5, 0.5, 0.5, 0.5, 0.5, 0.5, 0.3, 0.5, 0.04, 0.5, 0.6, 0.04, 10, 0.5, 1338, 80, 2, 5703, 1226, 1612, 1195, 3332, 15
10.7087865888514, 0.713593095393153, 0.149111785208806, 0.454231288787909, 0.491347998693585, 0.242849639438093, 0.579028939235723, 0.4, 0.533205306684133, 0.500467855475377, 110.787355046906, 393.437398652826, 10, 20, 31.4310770156106, 0.16, 0.05, 100, 250, 0.1, 0.5, 0.5, 0.5, 0.5, 0.5, 0.5, 0.3, 0.5, 0.04, 0.5, 0.6, 0.04, 10, 0.5, 1338, 80, 2, 7481, 1193, 1230, 1245, 1824, 141
10.1712648500409, 0.588761629336514, 0.157847699539852, 0.472427976695355, 0.427420333856717, 0.218573506473098, 0.470458784999792, 0.4, 0.516568834015168, 0.562513515449595, 22.5157540366054, 307.827377847559, 10, 20, 17.0473447190237, 0.16, 0.05, 100, 250, 0.1, 0.5, 0.5, 0.5, 0.5, 0.5, 0.5, 0.3, 0.5, 0.04, 0.5, 0.6, 0.04, 10, 0.5, 1338, 80, 2, 7380, 1153, 1202, 1205, 1197, 1031
11.8740052592568, 0.59964054170996, 0.0807752864918439, 0.429856904697605, 0.534662967310287, 0.257232129001059, 0.344108312560711, 0.4, 0.53082871784782, 0.43621678373497, 73.3065030599013, 148.178553670761, 10, 20, 5.51314099127369, 0.16, 0.05, 100, 250, 0.1, 0.5, 0.5, 0.5, 0.5, 0.5, 0.5, 0.3, 0.5, 0.04, 0.5, 0.6, 0.04, 10, 0.5, 1338, 80, 2, 7386, 1265, 1156, 1240, 1254, 596
11.629904966373, 0.560756000878289, 0.216650519144605, 0.499249240652658, 0.449000125787221, 0.31527885884745, 0.513491799170151, 0.4, 0.4253924261746, 0.527590851064771, 169.441366235726, 473.190914101317, 10, 20, 59.7865162945027, 0.16, 0.05, 100, 250, 0.1, 0.5, 0.5, 0.5, 0.5, 0.5, 0.5, 0.3, 0.5, 0.04, 0.5, 0.6, 0.04, 10, 0.5, 1338, 80, 2, 6946, 1237, 1249, 1590, 1182, 1061
8.76058199890889, 0.700951048555318, 0.164866221484845, 0.518861039374955, 0.583092825723346, 0.341341491647065, 0.618801889199531, 0.4, 0.443571750216186, 0.499774019422475, 134.423428860307, 311.163641175185, 10, 20, 32.3533876440005, 0.16, 0.05, 100, 250, 0.1, 0.5, 0.5, 0.5, 0.5, 0.5, 0.5, 0.3, 0.5, 0.04, 0.5, 0.6, 0.04, 10, 0.5, 1338, 80, 2, 5287, 1200, 2748, 2576, 1204, 55
11.180582454633, 0.512045254379278, 0.209041188912815, 0.476390137373935, 0.428240928973537, 0.368160099326167, 0.362833687198581, 0.4, 0.594667332998943, 0.435687945141457, 247.252154172212, 55.2442003835458, 10, 20, 38.7229984037537, 0.16, 0.05, 100, 250, 0.1, 0.5, 0.5, 0.5, 0.5, 0.5, 0.5, 0.3, 0.5, 0.04, 0.5, 0.6, 0.04, 10, 0.5, 1338, 80, 2, 7558, 1158, 1081, 1053, 1006, 1048
8.1938467061799, 0.69545614684117, 0.111124014531379, 0.595135710099712, 0.587983246626332, 0.297723580082878, 0.433028257709229, 0.4, 0.480294329254888, 0.406608800387476, 205.574577054009, 293.994074630272, 10, 20, 4.30943190782738, 0.16, 0.05, 100, 250, 0.1, 0.5, 0.5, 0.5, 0.5, 0.5, 0.5, 0.3, 0.5, 0.04, 0.5, 0.6, 0.04, 10, 0.5, 1338, 80, 2, 7445, 1211, 1191, 1160, 1136, 1013
10.8064956605807, 0.582771860138746, 0.265075641220319, 0.425865079070907, 0.511384562230203, 0.292201134281699, 0.357505218560109, 0.4, 0.43153188890079, 0.40843832665775, 50.0699212240055, 132.923032802576, 10, 20, 41.5629596963088, 0.16, 0.05, 100, 250, 0.1, 0.5, 0.5, 0.5, 0.5, 0.5, 0.5, 0.3, 0.5, 0.04, 0.5, 0.6, 0.04, 10, 0.5, 1338, 80, 2, 7740, 1053, 1060, 1044, 1138, 1022
11.4532010903768, 0.659671942030545, 0.292059410747024, 0.487223298138473, 0.572744257900864, 0.38821764075337, 0.421701304903254, 0.4, 0.550324627129827, 0.585175713565201, 161.248322181404, 188.944364672108, 10, 20, 6.46980115586542, 0.16, 0.05, 100, 250, 0.1, 0.5, 0.5, 0.5, 0.5, 0.5, 0.5, 0.3, 0.5, 0.04, 0.5, 0.6, 0.04, 10, 0.5, 1338, 80, 2, 7421, 1143, 1185, 1164, 1213, 823
8.49598638390191, 0.631867750579724, 0.203215270001674, 0.57571820201166, 0.481561022800393, 0.306315012594219, 0.603607843097998, 0.4, 0.465700563586783, 0.596227823234629, 223.836708669923, 99.004349871655, 10, 20, 54.9324288878002, 0.16, 0.05, 100, 250, 0.1, 0.5, 0.5, 0.5, 0.5, 0.5, 0.5, 0.3, 0.5, 0.04, 0.5, 0.6, 0.04, 10, 0.5, 1338, 80, 2, 8755, 1109, 1106, 1142, 1076, 42
8.59173605850898, 0.764914955229964, 0.240412532128976, 0.563556743999012, 0.592803392914124, 0.250565052317921, 0.296540780338692, 0.4, 0.438514366367832, 0.568012145359535, 101.815492663905, 362.405768789607, 10, 20, 13.2786660953925, 0.16, 0.05, 100, 250, 0.1, 0.5, 0.5, 0.5, 0.5, 0.5, 0.5, 0.3, 0.5, 0.04, 0.5, 0.6, 0.04, 10, 0.5, 1338, 80, 2, 7597, 1204, 1212, 1279, 1190, 824
11.6460096266493, 0.616405777943553, 0.183272956616129, 0.446766773122828, 0.455594172686804, 0.203401281453669, 0.529742884011939, 0.4, 0.499471726813819, 0.572878901055548, 207.424413584359, 336.193674989301, 10, 20, 67.5850746880495, 0.16, 0.05, 100, 250, 0.1, 0.5, 0.5, 0.5, 0.5, 0.5, 0.5, 0.3, 0.5, 0.04, 0.5, 0.6, 0.04, 10, 0.5, 1338, 80, 2, 6974, 1220, 1200, 1385, 1180, 990
11.3567933256924, 0.621752839445602, 0.292800283168326, 0.461970530559774, 0.544090084178839, 0.259196998970117, 0.564454707420664, 0.4, 0.453233640619554, 0.56786605367437, 85.8946046896279, 262.074810823123, 10, 20, 52.7219347558322, 0.16, 0.05, 100, 250, 0.1, 0.5, 0.5, 0.5, 0.5, 0.5, 0.5, 0.3, 0.5, 0.04, 0.5, 0.6, 0.04, 10, 0.5, 1338, 80, 2, 7135, 1468, 1216, 1497, 1230, 680
9.32952398385853, 0.67254942360078, 0.198374482317595, 0.492126162496861, 0.431875068667345, 0.276023993717507, 0.374735726217041, 0.4, 0.479964812784921, 0.495386068680324, 79.0187018861994, 446.27303927301, 10, 20, 39.9118890909583, 0.16, 0.05, 100, 250, 0.1, 0.5, 0.5, 0.5, 0.5, 0.5, 0.5, 0.3, 0.5, 0.04, 0.5, 0.6, 0.04, 10, 0.5, 1338, 80, 2, 7739, 1079, 1098, 1139, 1039, 1096
10.0370648475084, 0.740727108170278, 0.141349144390551, 0.469717468024697, 0.423411007911433, 0.399031729490031, 0.485444476796547, 0.4, 0.436371837334242, 0.456295662462711, 212.309977380186, 416.909887299174, 10, 20, 35.3824453423801, 0.16, 0.05, 100, 250, 0.1, 0.5, 0.5, 0.5, 0.5, 0.5, 0.5, 0.3, 0.5, 0.04, 0.5, 0.6, 0.04, 10, 0.5, 1338, 80, 2, 7071, 1262, 1295, 1298, 1408, 1011
11.7546903532837, 0.666908643929753, 0.273162987055257, 0.558729993389919, 0.554924730653875, 0.206457572093699, 0.702915336982114, 0.4, 0.589523005963303, 0.595922198551707, 57.7926349023357, 400.695684819901, 10, 20, 43.8706080736429, 0.16, 0.05, 100, 250, 0.1, 0.5, 0.5, 0.5, 0.5, 0.5, 0.5, 0.3, 0.5, 0.04, 0.5, 0.6, 0.04, 10, 0.5, 1338, 80, 2, 8741, 1201, 1104, 1097, 1099, 0
11.3090101452637, 0.558784251892008, 0.238530961453216, 0.431183346529026, 0.507540826778393, 0.335268993343227, 0.726840621583397, 0.4, 0.475150961921085, 0.478502327737398, 111.188772964478, 110.034163689986, 10, 20, 36.9307489978831, 0.16, 0.05, 100, 250, 0.1, 0.5, 0.5, 0.5, 0.5, 0.5, 0.5, 0.3, 0.5, 0.04, 0.5, 0.6, 0.04, 10, 0.5, 1338, 80, 2, 6045, 1479, 1199, 2891, 1250, 0
10.4858192416653, 0.598541529207025, 0.0537883833516389, 0.504859391858336, 0.557811894631013, 0.321851017232519, 0.736622346941149, 0.4, 0.405678196470719, 0.416644506474491, 118.104110039026, 376.726512336242, 10, 20, 69.1996950358269, 0.16, 0.05, 100, 250, 0.1, 0.5, 0.5, 0.5, 0.5, 0.5, 0.5, 0.3, 0.5, 0.04, 0.5, 0.6, 0.04, 10, 0.5, 1338, 80, 2, 7523, 1216, 1210, 1202, 2040, 0
11.9351602355018, 0.737557729844935, 0.190021960256854, 0.551835867540445, 0.483982366474811, 0.384465192893986, 0.332150963344611, 0.4, 0.471947136413772, 0.429999613656662, 124.003537330776, 421.986697704787, 10, 20, 66.3261844862328, 0.16, 0.05, 100, 250, 0.1, 0.5, 0.5, 0.5, 0.5, 0.5, 0.5, 0.3, 0.5, 0.04, 0.5, 0.6, 0.04, 10, 0.5, 1338, 80, 2, 8344, 1090, 1142, 1185, 1092, 1211
11.2547271922324, 0.531553475129884, 0.0945964008994633, 0.463736798708327, 0.521725127668586, 0.222148145815823, 0.722679376505548, 0.4, 0.493946678825188, 0.483097675999626, 187.05374122709, 19.3416538926074, 10, 20, 25.5309339997644, 0.16, 0.05, 100, 250, 0.1, 0.5, 0.5, 0.5, 0.5, 0.5, 0.5, 0.3, 0.5, 0.04, 0.5, 0.6, 0.04, 10, 0.5, 1338, 80, 2, 9339, 1131, 1197, 1177, 1121, 0
8.72512120028026, 0.51992017006292, 0.230211580888717, 0.515396182677243, 0.461502269488759, 0.364721545163076, 0.743120512689929, 0.4, 0.57019888605969, 0.485379577273503, 91.5564857576042, 193.008403717401, 10, 20, 18.9604141746496, 0.16, 0.05, 100, 250, 0.1, 0.5, 0.5, 0.5, 0.5, 0.5, 0.5, 0.3, 0.5, 0.04, 0.5, 0.6, 0.04, 10, 0.5, 1338, 80, 2, 9271, 1225, 1205, 1214, 1233, 0
9.20723385624587, 0.70824514813209, 0.121199371294351, 0.524673615986947, 0.425777199030854, 0.366566930430941, 0.620496021144791, 0.4, 0.494093568747398, 0.404619539039209, 93.126792111434, 440.607380580832, 10, 20, 42.1103302510455, 0.16, 0.05, 100, 250, 0.1, 0.5, 0.5, 0.5, 0.5, 0.5, 0.5, 0.3, 0.5, 0.04, 0.5, 0.6, 0.04, 10, 0.5, 1338, 80, 2, 6791, 1231, 2080, 1213, 2808, 37
9.89480037206784, 0.788276159480913, 0.137049614171265, 0.500742486781906, 0.420632534943521, 0.290459823691286, 0.730230045226635, 0.4, 0.489125207493082, 0.560610836218111, 32.9343547541648, 492.011748518469, 10, 20, 57.8099785184395, 0.16, 0.05, 100, 250, 0.1, 0.5, 0.5, 0.5, 0.5, 0.5, 0.5, 0.3, 0.5, 0.04, 0.5, 0.6, 0.04, 10, 0.5, 1338, 80, 2, 8068, 1293, 1187, 1187, 2283, 37
10.3229111299291, 0.516667892593192, 0.0892643141309964, 0.548013558451552, 0.468456541170366, 0.240422793949489, 0.547138727571582, 0.4, 0.45551708096778, 0.583718601116911, 82.0989388970658, 403.035910439724, 10, 20, 61.4635367942567, 0.16, 0.05, 100, 250, 0.1, 0.5, 0.5, 0.5, 0.5, 0.5, 0.5, 0.3, 0.5, 0.04, 0.5, 0.6, 0.04, 10, 0.5, 1338, 80, 2, 8253, 1244, 1210, 1416, 1243, 929
8.09027686224319, 0.592664356923197, 0.170772332797642, 0.528238300474826, 0.547793427252211, 0.230652266953141, 0.307611194470664, 0.4, 0.573349865503143, 0.491026490473188, 237.67600203678, 21.0249810798094, 10, 20, 58.1582305799931, 0.16, 0.05, 100, 250, 0.1, 0.5, 0.5, 0.5, 0.5, 0.5, 0.5, 0.3, 0.5, 0.04, 0.5, 0.6, 0.04, 10, 0.5, 1338, 80, 2, 8355, 1138, 1084, 1202, 1118, 1142
8.47952011534013, 0.646333675960312, 0.260115358394105, 0.411554806832224, 0.403692076394334, 0.21287423306331, 0.350834140785737, 0.4, 0.463951779176015, 0.580419152772985, 106.391650111414, 61.7926682752091, 10, 20, 23.4149294071435, 0.16, 0.05, 100, 250, 0.1, 0.5, 0.5, 0.5, 0.5, 0.5, 0.5, 0.3, 0.5, 0.04, 0.5, 0.6, 0.04, 10, 0.5, 1338, 80, 2, 8417, 1182, 1144, 1114, 1122, 1145
8.67067004968412, 0.507599410041468, 0.174633160970989, 0.40455861346703, 0.565157293536235, 0.225652581876144, 0.684816305300919, 0.4, 0.510727493883576, 0.496129308007192, 59.9938211027533, 372.259877423663, 10, 20, 8.28916567622626, 0.16, 0.05, 100, 250, 0.1, 0.5, 0.5, 0.5, 0.5, 0.5, 0.5, 0.3, 0.5, 0.04, 0.5, 0.6, 0.04, 10, 0.5, 1338, 80, 2, 7974, 1322, 1198, 2334, 1291, 76
9.29839100278914, 0.716822782317176, 0.157305267580668, 0.592852200380526, 0.53045420800522, 0.313897072855849, 0.250205990063259, 0.4, 0.433070089264773, 0.531763322215527, 238.376972816698, 351.232142347866, 10, 20, 34.5562081909465, 0.16, 0.05, 100, 250, 0.1, 0.5, 0.5, 0.5, 0.5, 0.5, 0.5, 0.3, 0.5, 0.04, 0.5, 0.6, 0.04, 10, 0.5, 1338, 80, 2, 8575, 1093, 1091, 1280, 1068, 1102
9.43970138830133, 0.580853824589634, 0.0923899911891203, 0.561738124399446, 0.58080090697296, 0.201900972721633, 0.540006195231108, 0.4, 0.526333672359586, 0.493807182786986, 19.4081287520006, 465.649370314856, 10, 20, 72.9432237422018, 0.16, 0.05, 100, 250, 0.1, 0.5, 0.5, 0.5, 0.5, 0.5, 0.5, 0.3, 0.5, 0.04, 0.5, 0.6, 0.04, 10, 0.5, 1338, 80, 2, 8172, 1647, 1185, 1227, 1157, 991
10.2245145200565, 0.651030518183019, 0.0664364969305461, 0.534442984530237, 0.543581652517431, 0.354207273827866, 0.31303624113556, 0.4, 0.434533820641227, 0.481188844018616, 43.8586369870231, 453.842284221924, 10, 20, 48.4083531659521, 0.16, 0.05, 100, 250, 0.1, 0.5, 0.5, 0.5, 0.5, 0.5, 0.5, 0.3, 0.5, 0.04, 0.5, 0.6, 0.04, 10, 0.5, 1338, 80, 2, 8435, 1191, 1165, 1176, 1236, 1032
9.38570158680901, 0.753929604706587, 0.187029358358122, 0.467825182938483, 0.419823069577105, 0.204609658111818, 0.705183253773721, 0.4, 0.507382969674189, 0.403860737852752, 230.358508690074, 168.16551740251, 10, 20, 70.7518185243721, 0.16, 0.05, 100, 250, 0.1, 0.5, 0.5, 0.5, 0.5, 0.5, 0.5, 0.3, 0.5, 0.04, 0.5, 0.6, 0.04, 10, 0.5, 1338, 80, 2, 10079, 1187, 1047, 1011, 1007, 0
8.14711292348802, 0.747536287837662, 0.077819701366243, 0.495780252819881, 0.566081308289431, 0.31633134095883, 0.45184436673997, 0.4, 0.562775579738431, 0.471189311820548, 185.184696764871, 97.4961449695984, 10, 20, 74.4253785276128, 0.16, 0.05, 100, 250, 0.1, 0.5, 0.5, 0.5, 0.5, 0.5, 0.5, 0.3, 0.5, 0.04, 0.5, 0.6, 0.04, 10, 0.5, 1338, 80, 2, 8129, 1209, 1337, 1179, 1204, 1019
10.5638256437145, 0.730848519492429, 0.0569439942017198, 0.580703824329656, 0.578661813220475, 0.247724206380546, 0.258219284492079, 0.4, 0.525149846055079, 0.598846231837291, 39.9467442315072, 30.0334420448169, 10, 20, 12.2254403580929, 0.16, 0.05, 100, 250, 0.1, 0.5, 0.5, 0.5, 0.5, 0.5, 0.5, 0.3, 0.5, 0.04, 0.5, 0.6, 0.04, 10, 0.5, 1338, 80, 2, 8626, 1202, 1129, 1180, 1120, 754
8.70487665786408, 0.768632207020419, 0.272362327364972, 0.450560133506078, 0.400160228954162, 0.279863051353022, 0.646883136571851, 0.4, 0.449058767561335, 0.543666853755713, 131.756534986198, 272.099095290992, 10, 20, 46.0425806634285, 0.16, 0.05, 100, 250, 0.1, 0.5, 0.5, 0.5, 0.5, 0.5, 0.5, 0.3, 0.5, 0.04, 0.5, 0.6, 0.04, 10, 0.5, 1338, 80, 2, 8053, 1654, 2002, 1204, 1194, 35
9.16113137125038, 0.540994925415143, 0.0989537016878603, 0.571020699592773, 0.409880855426192, 0.265832130842842, 0.46585572877666, 0.4, 0.57938740969263, 0.411414489333518, 138.95599879697, 268.85828343865, 10, 20, 27.4549782748322, 0.16, 0.05, 100, 250, 0.1, 0.5, 0.5, 0.5, 0.5, 0.5, 0.5, 0.3, 0.5, 0.04, 0.5, 0.6, 0.04, 10, 0.5, 1338, 80, 2, 8807, 1222, 1165, 1193, 1163, 685
8.86919029420242, 0.568448654650711, 0.182250590855838, 0.409862183281221, 0.509759024139028, 0.333902440763079, 0.572053448379738, 0.4, 0.546706107802689, 0.577198481150437, 166.987566615827, 329.591083664214, 10, 20, 50.5006246185157, 0.16, 0.05, 100, 250, 0.1, 0.5, 0.5, 0.5, 0.5, 0.5, 0.5, 0.3, 0.5, 0.04, 0.5, 0.6, 0.04, 10, 0.5, 1338, 80, 2, 7032, 2024, 1246, 2133, 1221, 571
9.64760557121597, 0.649747628034092, 0.177104630528484, 0.599957491447218, 0.537513537061866, 0.310629301219247, 0.463894771664636, 0.4, 0.41832901478745, 0.414133256361354, 30.4528215272352, 74.7136960766511, 10, 20, 7.14149814571836, 0.16, 0.05, 100, 250, 0.1, 0.5, 0.5, 0.5, 0.5, 0.5, 0.5, 0.3, 0.5, 0.04, 0.5, 0.6, 0.04, 10, 0.5, 1338, 80, 2, 7984, 1273, 1253, 1188, 1393, 995
9.85115648398176, 0.77147603763151, 0.235608837190666, 0.488879680520389, 0.447334741858765, 0.286322693767492, 0.338515263019362, 0.4, 0.44529556601448, 0.552160233568866, 210.537313374318, 127.623531255801, 10, 20, 68.5186804690707, 0.16, 0.05, 100, 250, 0.1, 0.5, 0.5, 0.5, 0.5, 0.5, 0.5, 0.3, 0.5, 0.04, 0.5, 0.6, 0.04, 10, 0.5, 1338, 80, 2, 8511, 1126, 1165, 1045, 1109, 1133
10.9061017442588, 0.642441090591019, 0.0717739924875787, 0.569152575959451, 0.597633056257851, 0.396183951849584, 0.607168722848874, 0.4, 0.428960601819213, 0.455023641192354, 127.355143756978, 121.882560035191, 10, 20, 45.9607048488519, 0.16, 0.05, 100, 250, 0.1, 0.5, 0.5, 0.5, 0.5, 0.5, 0.5, 0.3, 0.5, 0.04, 0.5, 0.6, 0.04, 10, 0.5, 1338, 80, 2, 7040, 2398, 1259, 2002, 1271, 42
9.13985760904849, 0.572826929177158, 0.213363796956837, 0.506382789870258, 0.563619054361246, 0.374074300137348, 0.625885801840341, 0.4, 0.508476020470262, 0.538117995416746, 221.305724944547, 426.598726392118, 10, 20, 27.5701622981677, 0.16, 0.05, 100, 250, 0.1, 0.5, 0.5, 0.5, 0.5, 0.5, 0.5, 0.3, 0.5, 0.04, 0.5, 0.6, 0.04, 10, 0.5, 1338, 80, 2, 7557, 1219, 1596, 2467, 1328, 20
9.58376953021623, 0.606977216979489, 0.0959491153544514, 0.457276719707064, 0.436819318838418, 0.308117701305076, 0.321897876417497, 0.4, 0.426503931901418, 0.529059025432449, 154.361467063054, 340.43605342526, 10, 20, 64.7347353293159, 0.16, 0.05, 100, 250, 0.1, 0.5, 0.5, 0.5, 0.5, 0.5, 0.5, 0.3, 0.5, 0.04, 0.5, 0.6, 0.04, 10, 0.5, 1338, 80, 2, 8375, 1131, 1159, 1203, 1108, 1128
11.9760265434347, 0.550082866718527, 0.128081533958903, 0.490386354631744, 0.51807933302829, 0.346921675382648, 0.536648546707584, 0.4, 0.599807675804943, 0.506627062861342, 62.8600377876311, 228.175862639025, 10, 20, 56.7492124384549, 0.16, 0.05, 100, 250, 0.1, 0.5, 0.5, 0.5, 0.5, 0.5, 0.5, 0.3, 0.5, 0.04, 0.5, 0.6, 0.04, 10, 0.5, 1338, 80, 2, 8630, 1292, 1212, 1253, 1214, 365
11.5979912197869, 0.721954241220141, 0.22542302795744, 0.530262354930397, 0.415760027166922, 0.255505752387922, 0.65352173007559, 0.4, 0.412990487217437, 0.444790722196456, 67.7067759731785, 496.069599177153, 10, 20, 63.4354027792026, 0.16, 0.05, 100, 250, 0.1, 0.5, 0.5, 0.5, 0.5, 0.5, 0.5, 0.3, 0.5, 0.04, 0.5, 0.6, 0.04, 10, 0.5, 1338, 80, 2, 7255, 1213, 2854, 1186, 1202, 455
9.09741845238023, 0.757264073169325, 0.177597600813024, 0.577274604670703, 0.404009389725514, 0.298571770596784, 0.457276814692887, 0.4, 0.50304039448034, 0.575650595727377, 203.027998206578, 216.999522258854, 10, 20, 17.9596366652084, 0.16, 0.05, 100, 250, 0.1, 0.5, 0.5, 0.5, 0.5, 0.5, 0.5, 0.3, 0.5, 0.04, 0.5, 0.6, 0.04, 10, 0.5, 1338, 80, 2, 8267, 1181, 1145, 1334, 1202, 908
9.27882216075435, 0.533858561624773, 0.059284849044634, 0.416234848016407, 0.445038260629401, 0.228029212063644, 0.679090377532411, 0.4, 0.496002935616299, 0.536361109902151, 141.843155374192, 383.475637869281, 10, 20, 72.4101704036276, 0.16, 0.05, 100, 250, 0.1, 0.5, 0.5, 0.5, 0.5, 0.5, 0.5, 0.3, 0.5, 0.04, 0.5, 0.6, 0.04, 10, 0.5, 1338, 80, 2, 8411, 1260, 1184, 2246, 1177, 18
11.7185351988114, 0.787558889333392, 0.107343081120052, 0.573506199011579, 0.49289156690659, 0.380290278576314, 0.640862801328767, 0.4, 0.581302957276348, 0.544611882136669, 13.4590448211879, 84.6564461495029, 10, 20, 59.3545619989891, 0.16, 0.05, 100, 250, 0.1, 0.5, 0.5, 0.5, 0.5, 0.5, 0.5, 0.3, 0.5, 0.04, 0.5, 0.6, 0.04, 10, 0.5, 1338, 80, 2, 7860, 1224, 2221, 1263, 1236, 120
8.29006757671013, 0.527863624976017, 0.144380347120459, 0.414046148299705, 0.513668966507539, 0.323027123528533, 0.599262952491408, 0.4, 0.51482853348786, 0.559434716009535, 150.289914863184, 300.459945924324, 10, 20, 47.8330825614114, 0.16, 0.05, 100, 250, 0.1, 0.5, 0.5, 0.5, 0.5, 0.5, 0.5, 0.3, 0.5, 0.04, 0.5, 0.6, 0.04, 10, 0.5, 1338, 80, 2, 6723, 1239, 2675, 1215, 2148, 258
8.6146855519712, 0.59579354317626, 0.295147337017115, 0.54179231423093, 0.533340870728716, 0.248239187427331, 0.278849104613764, 0.4, 0.522751644494012, 0.43140505405562, 157.554893500544, 140.367448736262, 10, 20, 24.8902328799031, 0.16, 0.05, 100, 250, 0.1, 0.5, 0.5, 0.5, 0.5, 0.5, 0.5, 0.3, 0.5, 0.04, 0.5, 0.6, 0.04, 10, 0.5, 1338, 80, 2, 8578, 1156, 1117, 1145, 1123, 899
10.8626402801648, 0.690803568883333, 0.243787754353834, 0.452048380099237, 0.406371230302379, 0.273331393973436, 0.447457675928017, 0.4, 0.56930677518947, 0.452244283523411, 227.999463267438, 249.744891155255, 10, 20, 15.7722935400484, 0.16, 0.05, 100, 250, 0.1, 0.5, 0.5, 0.5, 0.5, 0.5, 0.5, 0.3, 0.5, 0.04, 0.5, 0.6, 0.04, 10, 0.5, 1338, 80, 2, 8594, 1213, 1185, 1262, 1222, 1025
10.4498045810871, 0.625001069220947, 0.288391574711422, 0.554562027454842, 0.495622917720117, 0.372920839418657, 0.396705467619468, 0.4, 0.422296254420187, 0.473617948399857, 144.525007766485, 322.219146221131, 10, 20, 49.4509599476669, 0.16, 0.05, 100, 250, 0.1, 0.5, 0.5, 0.5, 0.5, 0.5, 0.5, 0.3, 0.5, 0.04, 0.5, 0.6, 0.04, 10, 0.5, 1338, 80, 2, 8178, 1126, 1201, 1181, 1200, 1179
11.7884730741568, 0.66849595128675, 0.0689940164826112, 0.480228174717166, 0.524824430036358, 0.271169011879712, 0.403513769262936, 0.4, 0.556904231952503, 0.547224618209526, 192.830721856281, 391.131130547123, 10, 20, 1.42299954738119, 0.16, 0.05, 100, 250, 0.1, 0.5, 0.5, 0.5, 0.5, 0.5, 0.5, 0.3, 0.5, 0.04, 0.5, 0.6, 0.04, 10, 0.5, 1338, 80, 2, 8819, 1204, 1496, 1215, 1211, 312
11.0759899830725, 0.538056041900767, 0.253714228775352, 0.532585891750641, 0.515225034201052, 0.395783051055856, 0.379432145948522, 0.4, 0.458837119816802, 0.469657649007626, 217.576571142301, 251.089928657305, 10, 20, 65.3529346661473, 0.16, 0.05, 100, 250, 0.1, 0.5, 0.5, 0.5, 0.5, 0.5, 0.5, 0.3, 0.5, 0.04, 0.5, 0.6, 0.04, 10, 0.5, 1338, 80, 2, 8081, 1144, 1158, 1123, 1222, 1234
11.3783959952742, 0.78028650221345, 0.201592067428865, 0.427515004931949, 0.433443443222903, 0.237079814879224, 0.663452964185271, 0.4, 0.544783883333672, 0.488241068955977, 27.0030749473721, 316.661068172124, 10, 20, 13.7276975329116, 0.16, 0.05, 100, 250, 0.1, 0.5, 0.5, 0.5, 0.5, 0.5, 0.5, 0.3, 0.5, 0.04, 0.5, 0.6, 0.04, 10, 0.5, 1338, 80, 2, 8779, 1199, 1642, 1195, 1175, 124
9.99747006960213, 0.783624456172576, 0.257494247189024, 0.444189444162883, 0.465625212854706, 0.38657455204986, 0.490518984340597, 0.4, 0.487181220040657, 0.426302696086466, 248.873004033603, 381.229724851111, 10, 20, 37.665941837586, 0.16, 0.05, 100, 250, 0.1, 0.5, 0.5, 0.5, 0.5, 0.5, 0.5, 0.3, 0.5, 0.04, 0.5, 0.6, 0.04, 10, 0.5, 1338, 80, 2, 7652, 1364, 1749, 1223, 1223, 1050
8.07915462204255, 0.761388929333072, 0.123256053621881, 0.564237782419659, 0.588712796541862, 0.280646670954768, 0.66659969918197, 0.4, 0.553727324768435, 0.522854546660557, 153.330088025332, 157.513499916554, 10, 20, 30.6753598614223, 0.16, 0.05, 100, 250, 0.1, 0.5, 0.5, 0.5, 0.5, 0.5, 0.5, 0.3, 0.5, 0.04, 0.5, 0.6, 0.04, 10, 0.5, 1338, 80, 2, 9049, 1319, 1209, 1224, 1204, 0
9.93415661336854, 0.552445370143512, 0.0636873967316933, 0.511358256576583, 0.44351913854992, 0.262708031459711, 0.556998802574817, 0.4, 0.596611957595684, 0.440906393191312, 165.598795554414, 476.793861578545, 10, 20, 67.3506270252296, 0.16, 0.05, 100, 250, 0.1, 0.5, 0.5, 0.5, 0.5, 0.5, 0.5, 0.3, 0.5, 0.04, 0.5, 0.6, 0.04, 10, 0.5, 1338, 80, 2, 8976, 1227, 1198, 1462, 1298, 116
10.9602341893781, 0.773792233180255, 0.153872395005892, 0.484378981617745, 0.584398832743987, 0.266487600129098, 0.746167873749509, 0.4, 0.558058129837271, 0.513822145305108, 48.26963171307, 458.030342970835, 10, 20, 2.93417550631799, 0.16, 0.05, 100, 250, 0.1, 0.5, 0.5, 0.5, 0.5, 0.5, 0.5, 0.3, 0.5, 0.04, 0.5, 0.6, 0.04, 10, 0.5, 1338, 80, 2, 8541, 1585, 1201, 1372, 1216, 1
8.36290431068279, 0.687910340012051, 0.279236599467695, 0.478470874594059, 0.45601958866138, 0.235933383683208, 0.550170950294705, 0.4, 0.461811481479555, 0.401920683002565, 196.918341944367, 67.3874366056873, 10, 20, 28.7681147283653, 0.16, 0.05, 100, 250, 0.1, 0.5, 0.5, 0.5, 0.5, 0.5, 0.5, 0.3, 0.5, 0.04, 0.5, 0.6, 0.04, 10, 0.5, 1338, 80, 2, 8552, 1346, 1205, 1204, 1186, 561
11.8938274577912, 0.637581122015836, 0.137868871404207, 0.566032350393944, 0.458143352024723, 0.221283224111889, 0.521833746291231, 0.4, 0.451771701569669, 0.420269971045665, 21.1841037856415, 39.6952194467187, 10, 20, 73.7609797293838, 0.16, 0.05, 100, 250, 0.1, 0.5, 0.5, 0.5, 0.5, 0.5, 0.5, 0.3, 0.5, 0.04, 0.5, 0.6, 0.04, 10, 0.5, 1338, 80, 2, 7434, 1387, 1484, 1207, 1310, 1082
10.0402613132726, 0.679989554565167, 0.0865907965815859, 0.503357257019263, 0.453347988312598, 0.274558366762009, 0.670248014250537, 0.4, 0.541612288413569, 0.423820958602242, 117.124495664425, 175.238027881156, 10, 20, 24.1093295209366, 0.16, 0.05, 100, 250, 0.1, 0.5, 0.5, 0.5, 0.5, 0.5, 0.5, 0.3, 0.5, 0.04, 0.5, 0.6, 0.04, 10, 0.5, 1338, 80, 2, 9179, 1201, 1216, 1221, 1257, 0
9.73275368156843, 0.662559397746576, 0.130754403123283, 0.402393002782483, 0.488234568210319, 0.378325475034304, 0.292175572211854, 0.4, 0.586936584639363, 0.504136585159227, 25.5729733902961, 37.7530215622392, 10, 20, 22.5108894469938, 0.16, 0.05, 100, 250, 0.1, 0.5, 0.5, 0.5, 0.5, 0.5, 0.5, 0.3, 0.5, 0.04, 0.5, 0.6, 0.04, 10, 0.5, 1338, 80, 2, 8073, 1174, 1185, 1143, 1148, 1046
9.53675636623986, 0.733499507849338, 0.22173962102097, 0.543447607351933, 0.473293711228296, 0.324882361806463, 0.475677204811946, 0.4, 0.447552855431102, 0.540635552332737, 95.453640993312, 125.54382427684, 10, 20, 35.9749225775903, 0.16, 0.05, 100, 250, 0.1, 0.5, 0.5, 0.5, 0.5, 0.5, 0.5, 0.3, 0.5, 0.04, 0.5, 0.6, 0.04, 10, 0.5, 1338, 80, 2, 8234, 1228, 1216, 1235, 1270, 987
10.5262180699129, 0.612194250828586, 0.109843551858212, 0.596367108557373, 0.412815009974409, 0.245699412550777, 0.304249449254712, 0.4, 0.417003657632042, 0.589899890865199, 16.7668121146038, 198.950471304427, 10, 20, 10.5723790655227, 0.16, 0.05, 100, 250, 0.1, 0.5, 0.5, 0.5, 0.5, 0.5, 0.5, 0.3, 0.5, 0.04, 0.5, 0.6, 0.04, 10, 0.5, 1338, 80, 2, 8380, 1219, 1188, 1162, 1168, 773
10.1393822962046, 0.72357922753552, 0.125429977707681, 0.586780017910525, 0.497183982971124, 0.238505320877768, 0.261086368372198, 0.4, 0.560683523231186, 0.476490937832277, 65.7164262976497, 90.6110943262, 10, 20, 7.63753581324534, 0.16, 0.05, 100, 250, 0.1, 0.5, 0.5, 0.5, 0.5, 0.5, 0.5, 0.3, 0.5, 0.04, 0.5, 0.6, 0.04, 10, 0.5, 1338, 80, 2, 8375, 1213, 1483, 1397, 1207, 549
11.1206282388326, 0.703021704738028, 0.165325625881087, 0.522636402081233, 0.484668237775099, 0.215851841188967, 0.406876393196872, 0.4, 0.566023121622857, 0.508207330116071, 99.9857861384749, 48.1758275351953, 10, 20, 9.14939450103091, 0.16, 0.05, 100, 250, 0.1, 0.5, 0.5, 0.5, 0.5, 0.5, 0.5, 0.3, 0.5, 0.04, 0.5, 0.6, 0.04, 10, 0.5, 1338, 80, 2, 8363, 1214, 1140, 1165, 1179, 939
8.21742697340436, 0.57710473388643, 0.196767771017621, 0.471537793614436, 0.599112166171893, 0.349604972866364, 0.533322642499115, 0.4, 0.582439915913157, 0.450618837842252, 113.397811743617, 13.8765184050892, 10, 20, 21.0430648217193, 0.16, 0.05, 100, 250, 0.1, 0.5, 0.5, 0.5, 0.5, 0.5, 0.5, 0.3, 0.5, 0.04, 0.5, 0.6, 0.04, 10, 0.5, 1338, 80, 2, 8417, 1323, 1246, 1230, 1382, 331
10.7411221966799, 0.546182893553749, 0.113553657746525, 0.441461103381589, 0.438068693253677, 0.288200357782189, 0.289331840028754, 0.4, 0.518718409259804, 0.425128290631808, 235.052312514931, 234.940787218045, 10, 20, 70.0886414197058, 0.16, 0.05, 100, 250, 0.1, 0.5, 0.5, 0.5, 0.5, 0.5, 0.5, 0.3, 0.5, 0.04, 0.5, 0.6, 0.04, 10, 0.5, 1338, 80, 2, 8303, 1236, 1047, 1109, 1167, 1144
8.99032213403843, 0.632878516919678, 0.229444808604312, 0.419222215592861, 0.500210934781004, 0.285470366866328, 0.42901210187003, 0.4, 0.411832042159978, 0.487333622496575, 37.8609722590074, 115.936926855869, 10, 20, 43.0593110058788, 0.16, 0.05, 100, 250, 0.1, 0.5, 0.5, 0.5, 0.5, 0.5, 0.5, 0.3, 0.5, 0.04, 0.5, 0.6, 0.04, 10, 0.5, 1338, 80, 2, 8042, 1239, 1242, 1209, 1194, 1019
8.4115589466691, 0.776420324804029, 0.0725899578916142, 0.459174423346296, 0.416221707409248, 0.360165730822366, 0.658147854269482, 0.4, 0.542946384754498, 0.515210421844851, 175.754332341999, 206.738688445301, 10, 20, 14.7538753556809, 0.16, 0.05, 100, 250, 0.1, 0.5, 0.5, 0.5, 0.5, 0.5, 0.5, 0.3, 0.5, 0.04, 0.5, 0.6, 0.04, 10, 0.5, 1338, 80, 2, 8988, 1217, 1210, 1206, 1515, 4
8.53023548934609, 0.524191139236558, 0.0835821897099959, 0.464497521242127, 0.434413814385422, 0.370099614967126, 0.581939688755665, 0.4, 0.591508888112381, 0.462299318314996, 98.0245669342577, 205.07603852225, 10, 20, 37.9092631972296, 0.16, 0.05, 100, 250, 0.1, 0.5, 0.5, 0.5, 0.5, 0.5, 0.5, 0.3, 0.5, 0.04, 0.5, 0.6, 0.04, 10, 0.5, 1338, 80, 2, 9121, 1227, 1214, 1225, 1194, 171
9.70359216452576, 0.565828210758511, 0.245458088817541, 0.423367861740291, 0.560717099811416, 0.331307728284504, 0.481037786061643, 0.4, 0.441752520360984, 0.52465908058919, 77.0072843305767, 483.991145712836, 10, 20, 55.9360548843874, 0.16, 0.05, 100, 250, 0.1, 0.5, 0.5, 0.5, 0.5, 0.5, 0.5, 0.3, 0.5, 0.04, 0.5, 0.6, 0.04, 10, 0.5, 1338, 80, 2, 8081, 1249, 1282, 1241, 1322, 1104
9.04441375317983, 0.705414249549387, 0.161102858546656, 0.589326968051027, 0.594237738915253, 0.393305075915065, 0.27470841133385, 0.4, 0.468417278887238, 0.519486431393772, 174.885167078301, 415.800725231948, 10, 20, 15.0608898051025, 0.16, 0.05, 100, 250, 0.1, 0.5, 0.5, 0.5, 0.5, 0.5, 0.5, 0.3, 0.5, 0.04, 0.5, 0.6, 0.04, 10, 0.5, 1338, 80, 2, 8043, 1346, 1300, 1213, 1190, 1039
9.60837357579731, 0.727682671165094, 0.247843090778333, 0.401873342342675, 0.551982666421682, 0.260122613194399, 0.365646637422033, 0.4, 0.485875485507771, 0.593388989118859, 181.29783117529, 327.228941321792, 10, 20, 17.5789569116919, 0.16, 0.05, 100, 250, 0.1, 0.5, 0.5, 0.5, 0.5, 0.5, 0.5, 0.3, 0.5, 0.04, 0.5, 0.6, 0.04, 10, 0.5, 1338, 80, 2, 8145, 1176, 1165, 1119, 1110, 1169
10.2787004232872, 0.750665822635405, 0.167980499044643, 0.508554961502086, 0.522785366580822, 0.336726483071689, 0.392213292493252, 0.4, 0.512546855054796, 0.4594909590506, 79.871790025942, 466.746931315004, 10, 20, 9.73349322361231, 0.16, 0.05, 100, 250, 0.1, 0.5, 0.5, 0.5, 0.5, 0.5, 0.5, 0.3, 0.5, 0.04, 0.5, 0.6, 0.04, 10, 0.5, 1338, 80, 2, 8375, 1300, 1227, 1225, 1251, 952
11.5277322261687, 0.510661086471053, 0.18889836292481, 0.412782009558287, 0.477235631793737, 0.353294666261878, 0.568437692506705, 0.4, 0.564902317203581, 0.439695260649081, 232.887532093935, 286.691449317033, 10, 20, 47.347516359149, 0.16, 0.05, 100, 250, 0.1, 0.5, 0.5, 0.5, 0.5, 0.5, 0.5, 0.3, 0.5, 0.04, 0.5, 0.6, 0.04, 10, 0.5, 1338, 80, 2, 6372, 1727, 1556, 1971, 1531, 942
10.6289433395024, 0.683806796676945, 0.282732475372613, 0.439701390930917, 0.577876942381263, 0.328497379229404, 0.518759838266997, 0.4, 0.529746975606307, 0.556563621491194, 220.198629646376, 82.9727379812626, 10, 20, 19.4011702659895, 0.16, 0.05, 100, 250, 0.1, 0.5, 0.5, 0.5, 0.5, 0.5, 0.5, 0.3, 0.5, 0.04, 0.5, 0.6, 0.04, 10, 0.5, 1338, 80, 2, 7965, 1244, 1217, 1530, 1254, 765
9.44503847459331, 0.604952429505298, 0.287043850083719, 0.527776228319388, 0.503211863338947, 0.232258703302126, 0.382241215703543, 0.4, 0.537761345061939, 0.516562186693307, 127.972457401641, 255.243751633866, 10, 20, 11.7809912967228, 0.16, 0.05, 100, 250, 0.1, 0.5, 0.5, 0.5, 0.5, 0.5, 0.5, 0.3, 0.5, 0.04, 0.5, 0.6, 0.04, 10, 0.5, 1338, 80, 2, 8446, 1163, 1173, 1154, 1143, 1027
9.76728114931844, 0.617572904852452, 0.259775970175397, 0.552945525130723, 0.549702935446985, 0.32784614652954, 0.438792252473068, 0.4, 0.46615383591922, 0.50256300626928, 187.90597970169, 298.933986970922, 10, 20, 40.6324376581324, 0.16, 0.05, 100, 250, 0.1, 0.5, 0.5, 0.5, 0.5, 0.5, 0.5, 0.3, 0.5, 0.04, 0.5, 0.6, 0.04, 10, 0.5, 1338, 80, 2, 8137, 1192, 1147, 1233, 1168, 1086
9.02348330618814, 0.653905460324604, 0.0765864937345032, 0.545931565717328, 0.575075887424406, 0.295718973152339, 0.710922140884213, 0.4, 0.421286777914036, 0.587690840623341, 62.3454899135977, 51.7158574187197, 10, 20, 50.3807775471319, 0.16, 0.05, 100, 250, 0.1, 0.5, 0.5, 0.5, 0.5, 0.5, 0.5, 0.3, 0.5, 0.04, 0.5, 0.6, 0.04, 10, 0.5, 1338, 80, 2, 6720, 1596, 1223, 1998, 2465, 7
8.89504656429403, 0.62818553268793, 0.150399626098224, 0.585076265087817, 0.516249561370816, 0.253621418729425, 0.416038645503577, 0.4, 0.555432861121371, 0.460394031935371, 148.972290063091, 356.125177368661, 10, 20, 3.66704176825995, 0.16, 0.05, 100, 250, 0.1, 0.5, 0.5, 0.5, 0.5, 0.5, 0.5, 0.3, 0.5, 0.04, 0.5, 0.6, 0.04, 10, 0.5, 1338, 80, 2, 8248, 1263, 1180, 1286, 1075, 955
8.17338343850803, 0.542128117531771, 0.0608064629460569, 0.408033545653336, 0.408666313252179, 0.231048499673838, 0.270556934155175, 0.4, 0.408515833360842, 0.42896143390215, 20.5469650205225, 80.4273263001, 10, 20, 3.93231901118212, 0.16, 0.05, 100, 250, 0.1, 0.5, 0.5, 0.5, 0.5, 0.5, 0.5, 0.3, 0.5, 0.04, 0.5, 0.6, 0.04, 10, 0.5, 1338, 80, 2, 7472, 1556, 1531, 1685, 1338, 645
8.57196461270563, 0.547218906286289, 0.0859804174138117, 0.428507829821669, 0.556114253852749, 0.356516459699254, 0.748101498069591, 0.4, 0.551735295366729, 0.599586754170945, 30.0402495923452, 87.9487710946938, 10, 20, 11.4924055503929, 0.16, 0.05, 100, 250, 0.1, 0.5, 0.5, 0.5, 0.5, 0.5, 0.5, 0.3, 0.5, 0.04, 0.5, 0.6, 0.04, 10, 0.5, 1338, 80, 2, 7699, 1346, 1661, 1268, 1989, 3
8.63334709942341, 0.597012613443192, 0.299809765578248, 0.4981264145514, 0.464348363544792, 0.264733303243993, 0.629315268361243, 0.4, 0.464163238387322, 0.551331919174176, 130.188509306032, 498.263633539155, 10, 20, 12.5797680565223, 0.16, 0.05, 100, 250, 0.1, 0.5, 0.5, 0.5, 0.5, 0.5, 0.5, 0.3, 0.5, 0.04, 0.5, 0.6, 0.04, 10, 0.5, 1338, 80, 2, 6602, 2079, 1414, 1585, 1986, 454
11.9811132991733, 0.647605348831741, 0.239136784517032, 0.574310899192933, 0.574922810473014, 0.216328435159754, 0.411689680208219, 0.4, 0.416267753771273, 0.464455346896313, 219.732170118485, 49.5409730340005, 10, 20, 58.7146719786467, 0.16, 0.05, 100, 250, 0.1, 0.5, 0.5, 0.5, 0.5, 0.5, 0.5, 0.3, 0.5, 0.04, 0.5, 0.6, 0.04, 10, 0.5, 1338, 80, 2, 8343, 1178, 1165, 1159, 1150, 1089
11.0224151227204, 0.578129330439959, 0.0703216804019758, 0.466149263987783, 0.452700191628886, 0.252210880092345, 0.496226732747164, 0.4, 0.498372834143229, 0.498932490519714, 45.589003328979, 437.44681741019, 10, 20, 74.8129265234282, 0.16, 0.05, 100, 250, 0.1, 0.5, 0.5, 0.5, 0.5, 0.5, 0.5, 0.3, 0.5, 0.04, 0.5, 0.6, 0.04, 10, 0.5, 1338, 80, 2, 8009, 1254, 1223, 1347, 1285, 1080
8.33335681841243, 0.638183917919989, 0.173388104453043, 0.557884315536125, 0.429781932348385, 0.229637126392685, 0.500865557462675, 0.4, 0.574426390568959, 0.574289125435054, 159.559075402841, 138.77911188805, 10, 20, 56.9990450985674, 0.16, 0.05, 100, 250, 0.1, 0.5, 0.5, 0.5, 0.5, 0.5, 0.5, 0.3, 0.5, 0.04, 0.5, 0.6, 0.04, 10, 0.5, 1338, 80, 2, 9052, 1204, 1078, 1128, 1105, 363
9.96659576906823, 0.686448770125164, 0.176172059133532, 0.473615175256738, 0.53236672178423, 0.332398370319279, 0.322618601032882, 0.4, 0.452644295970676, 0.492294222861994, 89.9851563483477, 314.345708128193, 10, 20, 24.587036000567, 0.16, 0.05, 100, 250, 0.1, 0.5, 0.5, 0.5, 0.5, 0.5, 0.5, 0.3, 0.5, 0.04, 0.5, 0.6, 0.04, 10, 0.5, 1338, 80, 2, 8388, 1173, 1131, 1154, 1125, 1221
10.0075633219769, 0.698581632620888, 0.205903729436686, 0.415916022820165, 0.46663416109723, 0.392709508691914, 0.561751995515078, 0.4, 0.492903544390108, 0.592802722345805, 241.150363166351, 335.669595767837, 10, 20, 6.81650426297681, 0.16, 0.05, 100, 250, 0.1, 0.5, 0.5, 0.5, 0.5, 0.5, 0.5, 0.3, 0.5, 0.04, 0.5, 0.6, 0.04, 10, 0.5, 1338, 80, 2, 5902, 1999, 1682, 1498, 2029, 1056
10.6469138563797, 0.762731472230633, 0.215274979910173, 0.546775198661955, 0.487064928006148, 0.375141872597393, 0.689388972108718, 0.4, 0.429202316852286, 0.557713421115652, 198.812602994591, 172.528454014263, 10, 20, 37.4544986200341, 0.16, 0.05, 100, 250, 0.1, 0.5, 0.5, 0.5, 0.5, 0.5, 0.5, 0.3, 0.5, 0.04, 0.5, 0.6, 0.04, 10, 0.5, 1338, 80, 2, 9147, 1203, 1234, 1221, 1213, 1
11.8512551827868, 0.735861226182315, 0.290416441317357, 0.465991838082206, 0.571850888503948, 0.28793081775005, 0.644303231625818, 0.4, 0.524074950174894, 0.571118532655761, 115.394444249291, 482.365893365687, 10, 20, 35.160057524502, 0.16, 0.05, 100, 250, 0.1, 0.5, 0.5, 0.5, 0.5, 0.5, 0.5, 0.3, 0.5, 0.04, 0.5, 0.6, 0.04, 10, 0.5, 1338, 80, 2, 7937, 1203, 1901, 2078, 1208, 17
11.5144557301933, 0.610617891481146, 0.269605767496105, 0.410262684465386, 0.508011242323555, 0.371332237972878, 0.469883445297019, 0.4, 0.532154341132613, 0.497044889677549, 140.278324862383, 396.249477686558, 10, 20, 46.9006504940847, 0.16, 0.05, 100, 250, 0.1, 0.5, 0.5, 0.5, 0.5, 0.5, 0.5, 0.3, 0.5, 0.04, 0.5, 0.6, 0.04, 10, 0.5, 1338, 80, 2, 7842, 1230, 1576, 1210, 1269, 986
11.1585802371893, 0.530316204459872, 0.24721592283604, 0.537332508971216, 0.546439881119411, 0.220959262758493, 0.300978531331639, 0.4, 0.557494442684343, 0.415649156945525, 28.5014968976378, 431.218337060628, 10, 20, 49.7776011759258, 0.16, 0.05, 100, 250, 0.1, 0.5, 0.5, 0.5, 0.5, 0.5, 0.5, 0.3, 0.5, 0.04, 0.5, 0.6, 0.04, 10, 0.5, 1338, 80, 2, 8501, 1179, 1124, 1110, 1189, 1060
9.75362632179167, 0.523831402541488, 0.159171404302469, 0.567389541185694, 0.414846626170212, 0.32298920543096, 0.494735751592671, 0.4, 0.571975153122563, 0.546958797630388, 186.036713468004, 59.1442746427376, 10, 20, 72.1488624775098, 0.16, 0.05, 100, 250, 0.1, 0.5, 0.5, 0.5, 0.5, 0.5, 0.5, 0.3, 0.5, 0.04, 0.5, 0.6, 0.04, 10, 0.5, 1338, 80, 2, 9190, 1202, 1147, 1133, 1098, 388
11.4362765483279, 0.720164283041959, 0.0755140755188768, 0.519973273044685, 0.439070410310989, 0.214549276172416, 0.616972501847195, 0.4, 0.420485399515834, 0.41001005063043, 88.2579002828337, 276.529427956569, 10, 20, 66.0131202965273, 0.16, 0.05, 100, 250, 0.1, 0.5, 0.5, 0.5, 0.5, 0.5, 0.5, 0.3, 0.5, 0.04, 0.5, 0.6, 0.04, 10, 0.5, 1338, 80, 2, 8984, 1398, 1256, 1203, 1231, 80
9.47185458699241, 0.614103681323119, 0.171306343486358, 0.540523493201006, 0.476442750020418, 0.239570458269678, 0.286728716038051, 0.4, 0.497425864417106, 0.537255202721106, 116.023982426431, 367.766646926536, 10, 20, 64.444723623179, 0.16, 0.05, 100, 250, 0.1, 0.5, 0.5, 0.5, 0.5, 0.5, 0.5, 0.3, 0.5, 0.04, 0.5, 0.6, 0.04, 10, 0.5, 1338, 80, 2, 8273, 1139, 989, 1151, 1217, 1189
9.95721718885936, 0.515057223484502, 0.185009172326536, 0.593233303595334, 0.567903043161379, 0.243153495095205, 0.349869836652069, 0.4, 0.414376258803066, 0.512239754814189, 226.787969767675, 44.917463378422, 10, 20, 28.06863907049, 0.16, 0.05, 100, 250, 0.1, 0.5, 0.5, 0.5, 0.5, 0.5, 0.5, 0.3, 0.5, 0.04, 0.5, 0.6, 0.04, 10, 0.5, 1338, 80, 2, 8328, 1072, 1139, 1157, 1176, 1159
8.30467460726853, 0.706925132604782, 0.0687232542503625, 0.584471936895745, 0.519763571727788, 0.210235463886522, 0.276139278424089, 0.4, 0.439721788408933, 0.449293837789912, 69.7659658794291, 171.472666077479, 10, 20, 41.0332591757251, 0.16, 0.05, 100, 250, 0.1, 0.5, 0.5, 0.5, 0.5, 0.5, 0.5, 0.3, 0.5, 0.04, 0.5, 0.6, 0.04, 10, 0.5, 1338, 80, 2, 8391, 1115, 1042, 1162, 1185, 1024
10.9392533878982, 0.5747418426699, 0.131349901796493, 0.447847322335932, 0.512519852516474, 0.337626450353768, 0.667895932258689, 0.4, 0.410549131890759, 0.463849724562606, 233.325273054, 196.341934700368, 10, 20, 6.26447591348406, 0.16, 0.05, 100, 250, 0.1, 0.5, 0.5, 0.5, 0.5, 0.5, 0.5, 0.3, 0.5, 0.04, 0.5, 0.6, 0.04, 10, 0.5, 1338, 80, 2, 8549, 1850, 1255, 1248, 1221, 42
9.30575438010041, 0.501926727905753, 0.146104744297918, 0.433507430928759, 0.401343272632686, 0.367648460273398, 0.549250443712808, 0.4, 0.488651881037047, 0.586248886453221, 231.22723575905, 36.0246250856668, 10, 20, 15.4728266004362, 0.16, 0.05, 100, 250, 0.1, 0.5, 0.5, 0.5, 0.5, 0.5, 0.5, 0.3, 0.5, 0.04, 0.5, 0.6, 0.04, 10, 0.5, 1338, 80, 2, 8308, 1372, 1232, 1204, 1204, 719
8.79165342770983, 0.789938339439686, 0.104875745280006, 0.468041084293742, 0.540760853264946, 0.319364080476575, 0.701596503351466, 0.4, 0.567231741633499, 0.503868277417496, 162.940937487036, 347.250097602885, 10, 20, 29.1401115778933, 0.16, 0.05, 100, 250, 0.1, 0.5, 0.5, 0.5, 0.5, 0.5, 0.5, 0.3, 0.5, 0.04, 0.5, 0.6, 0.04, 10, 0.5, 1338, 80, 2, 8463, 1210, 1800, 1744, 1192, 15
10.3935155629972, 0.655564694297966, 0.199348529997515, 0.53364000900765, 0.58654342321679, 0.312802701541921, 0.531677745789057, 0.4, 0.51930778310867, 0.584741970117902, 66.732063737046, 227.517572462896, 10, 20, 51.8775588528765, 0.16, 0.05, 100, 250, 0.1, 0.5, 0.5, 0.5, 0.5, 0.5, 0.5, 0.3, 0.5, 0.04, 0.5, 0.6, 0.04, 10, 0.5, 1338, 80, 2, 8247, 1343, 1411, 1193, 1205, 522
11.6148068553628, 0.571052006670623, 0.275629776311398, 0.479858260716079, 0.593920937990071, 0.249425782946171, 0.409766932039056, 0.4, 0.580524896493414, 0.447662167688133, 92.3307143480517, 421.225721738115, 10, 20, 33.7157452960708, 0.16, 0.05, 100, 250, 0.1, 0.5, 0.5, 0.5, 0.5, 0.5, 0.5, 0.3, 0.5, 0.04, 0.5, 0.6, 0.04, 10, 0.5, 1338, 80, 2, 8286, 1205, 1207, 1245, 1194, 1042
10.2459006117284, 0.602670566096087, 0.112237021120091, 0.521279291541083, 0.479545203134883, 0.263284907715861, 0.252746129726293, 0.4, 0.515322455591988, 0.433122950114775, 170.2142961137, 303.916114140395, 10, 20, 62.8778167482684, 0.16, 0.05, 100, 250, 0.1, 0.5, 0.5, 0.5, 0.5, 0.5, 0.5, 0.3, 0.5, 0.04, 0.5, 0.6, 0.04, 10, 0.5, 1338, 80, 2, 8406, 1156, 1196, 1164, 1173, 1142
10.3021268836223, 0.619979344599647, 0.129935516121623, 0.591251907468308, 0.538462012077449, 0.34030701561179, 0.538367265191046, 0.4, 0.540534307923634, 0.468139261997305, 105.424764839467, 451.812540281168, 10, 20, 42.5388523530719, 0.16, 0.05, 100, 250, 0.1, 0.5, 0.5, 0.5, 0.5, 0.5, 0.5, 0.3, 0.5, 0.04, 0.5, 0.6, 0.04, 10, 0.5, 1338, 80, 2, 8718, 1238, 1306, 1265, 1197, 395
11.7368752404302, 0.682036373115727, 0.0513202512473799, 0.448159867986804, 0.448722163751256, 0.30366563787451, 0.602246909002424, 0.4, 0.59381501357141, 0.533016629239544, 156.091084487271, 131.329808775801, 10, 20, 24.2664995024397, 0.16, 0.05, 100, 250, 0.1, 0.5, 0.5, 0.5, 0.5, 0.5, 0.5, 0.3, 0.5, 0.04, 0.5, 0.6, 0.04, 10, 0.5, 1338, 80, 2, 8261, 1238, 1223, 2004, 1223, 40
10.0675081989449, 0.701207644484588, 0.17923058250657, 0.486491154451622, 0.5368763881349, 0.233566311553121, 0.716666172146797, 0.4, 0.584016240583034, 0.479741108905524, 143.468883947749, 164.761821612471, 10, 20, 52.9630000353852, 0.16, 0.05, 100, 250, 0.1, 0.5, 0.5, 0.5, 0.5, 0.5, 0.5, 0.3, 0.5, 0.04, 0.5, 0.6, 0.04, 10, 0.5, 1338, 80, 2, 9184, 1241, 1193, 1194, 1201, 0
11.699130708389, 0.728349318287685, 0.280313715275843, 0.493464708263054, 0.411552681202535, 0.268683996874839, 0.734686103750719, 0.4, 0.527194971902762, 0.511016119702021, 239.272928685322, 355.247514561994, 10, 20, 39.2732375432504, 0.16, 0.05, 100, 250, 0.1, 0.5, 0.5, 0.5, 0.5, 0.5, 0.5, 0.3, 0.5, 0.04, 0.5, 0.6, 0.04, 10, 0.5, 1338, 80, 2, 8918, 1192, 1202, 1582, 1221, 18
10.5491386513598, 0.629363527780632, 0.135359566034749, 0.421222316979896, 0.480863672921201, 0.311717093312182, 0.369889109125943, 0.4, 0.521448089082958, 0.486352834298741, 171.877723089699, 262.595346540678, 10, 20, 47.9773689014342, 0.16, 0.05, 100, 250, 0.1, 0.5, 0.5, 0.5, 0.5, 0.5, 0.5, 0.3, 0.5, 0.04, 0.5, 0.6, 0.04, 10, 0.5, 1338, 80, 2, 8243, 1163, 1224, 1106, 1107, 1093
8.94202269210946, 0.621360614699894, 0.289978002336284, 0.576081168307923, 0.493082893024432, 0.39111574841151, 0.334076477068593, 0.4, 0.511553202957381, 0.480230756676756, 173.975808324944, 462.833115071734, 10, 20, 18.3241258408307, 0.16, 0.05, 100, 250, 0.1, 0.5, 0.5, 0.5, 0.5, 0.5, 0.5, 0.3, 0.5, 0.04, 0.5, 0.6, 0.04, 10, 0.5, 1338, 80, 2, 8395, 1226, 1246, 1188, 1207, 1066
10.7616581917042, 0.64289238345495, 0.221066550904943, 0.565577029619366, 0.499255005269311, 0.352697963483399, 0.449342636471265, 0.4, 0.534960048192879, 0.427326883484377, 121.895563241839, 350.017320081312, 10, 20, 52.2234532672592, 0.16, 0.05, 100, 250, 0.1, 0.5, 0.5, 0.5, 0.5, 0.5, 0.5, 0.3, 0.5, 0.04, 0.5, 0.6, 0.04, 10, 0.5, 1338, 80, 2, 8206, 1238, 1338, 1166, 1219, 1046
8.96107045924757, 0.626028318860917, 0.064000425338163, 0.481854447868885, 0.506719919729279, 0.293194109668257, 0.55293431898579, 0.4, 0.552579520903761, 0.576428153319284, 36.3871513700113, 479.187656632659, 10, 20, 71.8813810621251, 0.16, 0.05, 100, 250, 0.1, 0.5, 0.5, 0.5, 0.5, 0.5, 0.5, 0.3, 0.5, 0.04, 0.5, 0.6, 0.04, 10, 0.5, 1338, 80, 2, 8970, 1206, 1208, 1210, 1277, 298
10.6882141146483, 0.513803161647171, 0.166493556604546, 0.458812555284239, 0.576828104549553, 0.299057953336276, 0.596723379901377, 0.4, 0.536684074883582, 0.451986602724763, 129.746079136059, 222.715173561161, 10, 20, 18.8187500421808, 0.16, 0.05, 100, 250, 0.1, 0.5, 0.5, 0.5, 0.5, 0.5, 0.5, 0.3, 0.5, 0.04, 0.5, 0.6, 0.04, 10, 0.5, 1338, 80, 2, 8745, 1295, 1250, 1207, 1338, 91
11.0442807485815, 0.747280874536606, 0.0652124192350311, 0.570251726274611, 0.558460867237067, 0.227011295502074, 0.728121629923116, 0.4, 0.486386936166557, 0.565992053532973, 137.834983843192, 237.855525992264, 10, 20, 57.4700208658387, 0.16, 0.05, 100, 250, 0.1, 0.5, 0.5, 0.5, 0.5, 0.5, 0.5, 0.3, 0.5, 0.04, 0.5, 0.6, 0.04, 10, 0.5, 1338, 80, 2, 9239, 1206, 1345, 1183, 1198, 0
10.7282156793075, 0.587541931393556, 0.169187808948627, 0.470897231490584, 0.564621322642779, 0.37673757243203, 0.372267957581207, 0.4, 0.495361898457864, 0.558238781040534, 43.1971057322808, 245.09263093177, 10, 20, 32.8676972445339, 0.16, 0.05, 100, 250, 0.1, 0.5, 0.5, 0.5, 0.5, 0.5, 0.5, 0.3, 0.5, 0.04, 0.5, 0.6, 0.04, 10, 0.5, 1338, 80, 2, 8357, 1163, 1157, 1190, 1161, 1037
8.23495352206752, 0.755634407070465, 0.0848624892169028, 0.523111060798634, 0.596580090418458, 0.251353623158997, 0.587349588773213, 0.4, 0.506421734426403, 0.484796479678247, 72.2338894302957, 254.551019166212, 10, 20, 5.10011949873297, 0.16, 0.05, 100, 250, 0.1, 0.5, 0.5, 0.5, 0.5, 0.5, 0.5, 0.3, 0.5, 0.04, 0.5, 0.6, 0.04, 10, 0.5, 1338, 80, 2, 9220, 1258, 1203, 1355, 1229, 56
9.87251266603824, 0.606438276879024, 0.271199994066264, 0.496718419682933, 0.459209555854555, 0.365043112136424, 0.590308907940635, 0.4, 0.42742058560811, 0.409003223487176, 209.170914726704, 77.3379066028982, 10, 20, 8.82855607745791, 0.16, 0.05, 100, 250, 0.1, 0.5, 0.5, 0.5, 0.5, 0.5, 0.5, 0.3, 0.5, 0.04, 0.5, 0.6, 0.04, 10, 0.5, 1338, 80, 2, 8295, 1299, 1225, 1267, 1795, 216
8.43431958094705, 0.685621716437629, 0.113923404748202, 0.418846420932328, 0.470745698627084, 0.284865514992969, 0.484658167870948, 0.4, 0.565946866978658, 0.458030593687203, 200.376090843976, 135.638980696758, 10, 20, 36.1230839970522, 0.16, 0.05, 100, 250, 0.1, 0.5, 0.5, 0.5, 0.5, 0.5, 0.5, 0.3, 0.5, 0.04, 0.5, 0.6, 0.04, 10, 0.5, 1338, 80, 2, 8177, 1193, 1193, 1188, 1363, 942
9.90482275482733, 0.645372238079552, 0.156034875764162, 0.510067616204266, 0.52317030965141, 0.281627562518697, 0.281940667672316, 0.4, 0.484621148213744, 0.470786976943025, 107.246539451461, 397.929224396532, 10, 20, 40.1327431915782, 0.16, 0.05, 100, 250, 0.1, 0.5, 0.5, 0.5, 0.5, 0.5, 0.5, 0.3, 0.5, 0.04, 0.5, 0.6, 0.04, 10, 0.5, 1338, 80, 2, 8288, 1165, 1111, 1110, 1168, 1233
8.55721025840845, 0.777965835914714, 0.152418255615921, 0.56852429352887, 0.496406576772919, 0.209386865691748, 0.488565276105655, 0.4, 0.481350710846484, 0.523795467563672, 246.396771880146, 209.283632443857, 10, 20, 11.0737153407841, 0.16, 0.05, 100, 250, 0.1, 0.5, 0.5, 0.5, 0.5, 0.5, 0.5, 0.3, 0.5, 0.04, 0.5, 0.6, 0.04, 10, 0.5, 1338, 80, 2, 8036, 1204, 1515, 1193, 1170, 1108
11.1602833128441, 0.601511984570301, 0.255213555796072, 0.529091786392964, 0.582693463472417, 0.258723415362183, 0.51714368857618, 0.4, 0.459342755944701, 0.582389948479598, 214.668590159155, 33.6336921998183, 10, 20, 19.9637406358987, 0.16, 0.05, 100, 250, 0.1, 0.5, 0.5, 0.5, 0.5, 0.5, 0.5, 0.3, 0.5, 0.04, 0.5, 0.6, 0.04, 10, 0.5, 1338, 80, 2, 8285, 1221, 1242, 1217, 1279, 706
9.69282818837091, 0.785619445484015, 0.262649811351148, 0.462239679691149, 0.585510932774516, 0.270369996348396, 0.318822419377393, 0.4, 0.470444409793476, 0.418820803004783, 81.7875079704448, 413.788212229614, 10, 20, 62.1031540402365, 0.16, 0.05, 100, 250, 0.1, 0.5, 0.5, 0.5, 0.5, 0.5, 0.5, 0.3, 0.5, 0.04, 0.5, 0.6, 0.04, 10, 0.5, 1338, 80, 2, 8499, 1157, 1103, 1258, 1098, 1101
9.62475672686938, 0.767796439451864, 0.12377678905963, 0.544785493617179, 0.418996850620722, 0.296046829744475, 0.692083721290692, 0.4, 0.523456636942225, 0.467100093536079, 94.9689231576398, 153.165044641192, 10, 20, 59.4967007498886, 0.16, 0.05, 100, 250, 0.1, 0.5, 0.5, 0.5, 0.5, 0.5, 0.5, 0.3, 0.5, 0.04, 0.5, 0.6, 0.04, 10, 0.5, 1338, 80, 2, 8778, 1306, 1190, 1557, 1204, 1
11.291167333289, 0.665420983394957, 0.204251724636124, 0.597957585720345, 0.590489168302854, 0.382503125951393, 0.461256571931881, 0.4, 0.467879852913553, 0.590634051421192, 158.269953574613, 183.91100124307, 10, 20, 32.1197904253739, 0.16, 0.05, 100, 250, 0.1, 0.5, 0.5, 0.5, 0.5, 0.5, 0.5, 0.3, 0.5, 0.04, 0.5, 0.6, 0.04, 10, 0.5, 1338, 80, 2, 8152, 1238, 1220, 1245, 1248, 894
9.18164393858053, 0.753129722361453, 0.278048083511239, 0.438437399029965, 0.510179866655031, 0.385080522002419, 0.453418230240932, 0.4, 0.590962839756161, 0.407911717015319, 125.395843495335, 311.357291481982, 10, 20, 30.8799302270031, 0.16, 0.05, 100, 250, 0.1, 0.5, 0.5, 0.5, 0.5, 0.5, 0.5, 0.3, 0.5, 0.04, 0.5, 0.6, 0.04, 10, 0.5, 1338, 80, 2, 8051, 1318, 1220, 1202, 1217, 1130
9.41094642314594, 0.593160308010527, 0.134409328063193, 0.403674154366367, 0.568127030838746, 0.267738553303527, 0.661943254729267, 0.4, 0.578130197301973, 0.554064052898204, 228.729621930793, 246.185768728133, 10, 20, 23.0030223664056, 0.16, 0.05, 100, 250, 0.1, 0.5, 0.5, 0.5, 0.5, 0.5, 0.5, 0.3, 0.5, 0.04, 0.5, 0.6, 0.04, 10, 0.5, 1338, 80, 2, 8956, 1212, 1185, 1208, 1206, 316
10.4669984690519, 0.731836929648533, 0.188300696644001, 0.542173689280171, 0.529292673176154, 0.32935334175243, 0.740491187473526, 0.4, 0.568720102287363, 0.597659279544139, 32.2597550752573, 279.716423801775, 10, 20, 26.9283967731998, 0.16, 0.05, 100, 250, 0.1, 0.5, 0.5, 0.5, 0.5, 0.5, 0.5, 0.3, 0.5, 0.04, 0.5, 0.6, 0.04, 10, 0.5, 1338, 80, 2, 7194, 1773, 1211, 2551, 1229, 0
9.3508290678449, 0.796832491641981, 0.211346436796885, 0.549702990751481, 0.462099292629864, 0.207146108520683, 0.677343304237584, 0.4, 0.462543280190555, 0.438490761188325, 84.53177584121, 387.814316613018, 10, 20, 46.7271982983392, 0.16, 0.05, 100, 250, 0.1, 0.5, 0.5, 0.5, 0.5, 0.5, 0.5, 0.3, 0.5, 0.04, 0.5, 0.6, 0.04, 10, 0.5, 1338, 80, 2, 9220, 1232, 1185, 1218, 1296, 1
11.812533689565, 0.557022578807198, 0.243589655475225, 0.539785215273034, 0.407290085265413, 0.397526670689927, 0.398055820930749, 0.4, 0.407557910429779, 0.542096546120942, 183.99832875384, 492.89322947585, 10, 20, 36.5276613001348, 0.16, 0.05, 100, 250, 0.1, 0.5, 0.5, 0.5, 0.5, 0.5, 0.5, 0.3, 0.5, 0.04, 0.5, 0.6, 0.04, 10, 0.5, 1338, 80, 2, 8235, 1129, 1213, 1161, 1165, 1102
11.5754104030924, 0.504514400426066, 0.296251464203233, 0.440665740503464, 0.469599609248573, 0.34739647546201, 0.42663684262312, 0.4, 0.554680154732661, 0.539865445049014, 195.79818271054, 179.74397219877, 10, 20, 69.4730312095973, 0.16, 0.05, 100, 250, 0.1, 0.5, 0.5, 0.5, 0.5, 0.5, 0.5, 0.3, 0.5, 0.04, 0.5, 0.6, 0.04, 10, 0.5, 1338, 80, 2, 8198, 1184, 1163, 1204, 1228, 1011
10.2083886579517, 0.709245135880658, 0.233842514986754, 0.501664519703481, 0.542100172348321, 0.342346297203098, 0.558284082396422, 0.4, 0.597703353547025, 0.569962761203293, 56.4272687090561, 104.999469750223, 10, 20, 25.901543161546, 0.16, 0.05, 100, 250, 0.1, 0.5, 0.5, 0.5, 0.5, 0.5, 0.5, 0.3, 0.5, 0.04, 0.5, 0.6, 0.04, 10, 0.5, 1338, 80, 2, 6483, 1845, 1212, 2501, 2139, 85
10.5894411328109, 0.651629531300394, 0.0982332713180222, 0.5161571875175, 0.501800642966526, 0.339216732926667, 0.71314873762487, 0.4, 0.469200905130245, 0.501318650868256, 13.7666050447151, 358.150500504312, 10, 20, 67.0167617882308, 0.16, 0.05, 100, 250, 0.1, 0.5, 0.5, 0.5, 0.5, 0.5, 0.5, 0.3, 0.5, 0.04, 0.5, 0.6, 0.04, 10, 0.5, 1338, 80, 2, 8430, 1200, 1237, 2103, 1201, 0
9.24888899629004, 0.674234303845675, 0.228125659556244, 0.426217137046624, 0.426267786834622, 0.369014572166605, 0.419036286467454, 0.4, 0.547223458574852, 0.442475389614236, 189.069795578625, 424.6156437948, 10, 20, 41.8182227035888, 0.16, 0.05, 100, 250, 0.1, 0.5, 0.5, 0.5, 0.5, 0.5, 0.5, 0.3, 0.5, 0.04, 0.5, 0.6, 0.04, 10, 0.5, 1338, 80, 2, 8334, 1148, 1209, 1220, 1155, 1117
10.895722630471, 0.714960101902601, 0.236742447518336, 0.442205954741919, 0.442767088092398, 0.301234055358218, 0.695466337273829, 0.4, 0.40348216176359, 0.422967974487226, 176.853446310386, 259.880092343467, 10, 20, 48.844044609718, 0.16, 0.05, 100, 250, 0.1, 0.5, 0.5, 0.5, 0.5, 0.5, 0.5, 0.3, 0.5, 0.04, 0.5, 0.6, 0.04, 10, 0.5, 1338, 80, 2, 8208, 1289, 1775, 1630, 1217, 22
11.9451718314178, 0.76578673637961, 0.262238218204002, 0.460273696994176, 0.548941381190671, 0.36101573464321, 0.574405676499591, 0.4, 0.440159138686024, 0.561795572415227, 58.7701667749323, 445.152855271206, 10, 20, 74.0004969753226, 0.16, 0.05, 100, 250, 0.1, 0.5, 0.5, 0.5, 0.5, 0.5, 0.5, 0.3, 0.5, 0.04, 0.5, 0.6, 0.04, 10, 0.5, 1338, 80, 2, 4691, 1839, 3010, 2364, 1740, 473
10.848424542658, 0.563875434657442, 0.100828200894757, 0.436387635210063, 0.56120657452289, 0.236129125592299, 0.610300967087969, 0.4, 0.501679307211423, 0.525274661768228, 182.24801539341, 114.9425117495, 10, 20, 55.4366239503774, 0.16, 0.05, 100, 250, 0.1, 0.5, 0.5, 0.5, 0.5, 0.5, 0.5, 0.3, 0.5, 0.04, 0.5, 0.6, 0.04, 10, 0.5, 1338, 80, 2, 8991, 1248, 1192, 1257, 1207, 127
10.9917670625821, 0.723342120684334, 0.195181351243227, 0.525307420481695, 0.460986298293807, 0.304222204245394, 0.269881281670532, 0.4, 0.5433902227527, 0.566252961127087, 222.429778027814, 66.2824977688142, 10, 20, 53.6236682586546, 0.16, 0.05, 100, 250, 0.1, 0.5, 0.5, 0.5, 0.5, 0.5, 0.5, 0.3, 0.5, 0.04, 0.5, 0.6, 0.04, 10, 0.5, 1338, 80, 2, 8471, 1077, 1100, 1102, 1138, 1170
11.3907333995309, 0.742884959038696, 0.252165684291976, 0.502205759538105, 0.525582539208466, 0.325561336233513, 0.42290482460463, 0.4, 0.577919385968708, 0.482452931914013, 61.4264569589868, 375.031891841954, 10, 20, 56.2451047707812, 0.16, 0.05, 100, 250, 0.1, 0.5, 0.5, 0.5, 0.5, 0.5, 0.5, 0.3, 0.5, 0.04, 0.5, 0.6, 0.04, 10, 0.5, 1338, 80, 2, 8173, 1219, 1174, 1157, 1156, 1076
11.5568095715623, 0.590611842293176, 0.055328676472418, 0.594109980086097, 0.502337645665044, 0.282152124250773, 0.624507509826217, 0.4, 0.442741540122312, 0.594992922945181, 37.0388347979635, 405.481967116159, 10, 20, 63.5863056025785, 0.16, 0.05, 100, 250, 0.1, 0.5, 0.5, 0.5, 0.5, 0.5, 0.5, 0.3, 0.5, 0.04, 0.5, 0.6, 0.04, 10, 0.5, 1338, 80, 2, 8975, 1222, 1212, 1185, 1506, 143
8.85321381834801, 0.555176324103377, 0.180016952506558, 0.40602567738574, 0.482494439954869, 0.394270454327576, 0.67470140684105, 0.4, 0.54810560395522, 0.563049816941377, 204.253457799647, 265.606975333323, 10, 20, 38.5106973044184, 0.16, 0.05, 100, 250, 0.1, 0.5, 0.5, 0.5, 0.5, 0.5, 0.5, 0.3, 0.5, 0.04, 0.5, 0.6, 0.04, 10, 0.5, 1338, 80, 2, 9368, 1283, 1238, 1205, 1198, 26
8.45938464144245, 0.507339049436618, 0.257849654635938, 0.445231308316579, 0.520220650941832, 0.363181438589003, 0.608425882064621, 0.4, 0.561443655824987, 0.445238417952554, 54.1507606080733, 26.6987268563127, 10, 20, 66.5614107967526, 0.16, 0.05, 100, 250, 0.1, 0.5, 0.5, 0.5, 0.5, 0.5, 0.5, 0.3, 0.5, 0.04, 0.5, 0.6, 0.04, 10, 0.5, 1338, 80, 2, 5200, 3548, 1274, 1701, 2364, 249
10.0909198666317, 0.750272668606602, 0.152733557940519, 0.572726190119749, 0.446717396079563, 0.320564684347715, 0.355960306713823, 0.4, 0.460678635303397, 0.520346232925775, 15.2285527845845, 432.959143292403, 10, 20, 16.3504009308314, 0.16, 0.05, 100, 250, 0.1, 0.5, 0.5, 0.5, 0.5, 0.5, 0.5, 0.3, 0.5, 0.04, 0.5, 0.6, 0.04, 10, 0.5, 1338, 80, 2, 8297, 1202, 1275, 1215, 1160, 1052
10.5160687580332, 0.623708096493268, 0.254159578260151, 0.560028302763123, 0.405050892685773, 0.359938897538697, 0.30534621447965, 0.4, 0.404633481079945, 0.518574912912445, 133.368907740247, 306.193507804221, 10, 20, 23.2426538135172, 0.16, 0.05, 100, 250, 0.1, 0.5, 0.5, 0.5, 0.5, 0.5, 0.5, 0.3, 0.5, 0.04, 0.5, 0.6, 0.04, 10, 0.5, 1338, 80, 2, 8409, 1266, 1213, 1125, 1137, 1196
11.3338346993458, 0.745335556688602, 0.0585324729507556, 0.559107862758683, 0.514176730339183, 0.291515648592496, 0.401588513956522, 0.4, 0.502159011750715, 0.405474892636994, 209.366203140002, 124.641884349403, 10, 20, 14.1997072411209, 0.16, 0.05, 100, 250, 0.1, 0.5, 0.5, 0.5, 0.5, 0.5, 0.5, 0.3, 0.5, 0.04, 0.5, 0.6, 0.04, 10, 0.5, 1338, 80, 2, 8375, 1183, 1171, 1145, 1170, 1000
11.2630918926978, 0.509897799904225, 0.201102863766719, 0.491637282878859, 0.450489125980297, 0.246445561356144, 0.342267044905457, 0.4, 0.563338557266165, 0.514640492690029, 108.471591268294, 23.1677813533228, 10, 20, 2.53925747873378, 0.16, 0.05, 100, 250, 0.1, 0.5, 0.5, 0.5, 0.5, 0.5, 0.5, 0.3, 0.5, 0.04, 0.5, 0.6, 0.04, 10, 0.5, 1338, 80, 2, 8631, 1585, 1198, 1208, 1180, 204
8.13156783726066, 0.75853894595278, 0.249545797775791, 0.405760845190613, 0.598595124757616, 0.223996178183006, 0.510605894977925, 0.4, 0.572270095068496, 0.553014535738155, 205.634256661125, 290.316621566063, 10, 20, 39.6362414424587, 0.16, 0.05, 100, 250, 0.1, 0.5, 0.5, 0.5, 0.5, 0.5, 0.5, 0.3, 0.5, 0.04, 0.5, 0.6, 0.04, 10, 0.5, 1338, 80, 2, 8011, 1233, 1227, 1815, 1240, 737
8.91278042722493, 0.739367342215264, 0.108143652375147, 0.514024611773435, 0.553069430021802, 0.205488048929488, 0.505506938375183, 0.4, 0.55984951057611, 0.477700520541752, 17.273283618968, 469.386460872961, 10, 20, 3.21248809612182, 0.16, 0.05, 100, 250, 0.1, 0.5, 0.5, 0.5, 0.5, 0.5, 0.5, 0.3, 0.5, 0.04, 0.5, 0.6, 0.04, 10, 0.5, 1338, 80, 2, 8397, 1262, 1305, 1355, 1250, 688
11.2031792755844, 0.677495685673668, 0.0790857955420506, 0.598300038430607, 0.55034972428577, 0.314954462383874, 0.6821043324942, 0.4, 0.491035167736467, 0.430505202087341, 65.03995221816, 71.4700194953592, 10, 20, 60.4725642759679, 0.16, 0.05, 100, 250, 0.1, 0.5, 0.5, 0.5, 0.5, 0.5, 0.5, 0.3, 0.5, 0.04, 0.5, 0.6, 0.04, 10, 0.5, 1338, 80, 2, 7603, 1892, 1963, 1189, 1347, 0
10.419650692367, 0.535648614453152, 0.193570871045231, 0.587867309411988, 0.430261754152132, 0.398571081633912, 0.650779206877341, 0.4, 0.446726148887537, 0.417029902092181, 120.017984574754, 385.744147257775, 10, 20, 45.5377076323368, 0.16, 0.05, 100, 250, 0.1, 0.5, 0.5, 0.5, 0.5, 0.5, 0.5, 0.3, 0.5, 0.04, 0.5, 0.6, 0.04, 10, 0.5, 1338, 80, 2, 7965, 1223, 1218, 1215, 2693, 4
9.83555372530129, 0.671554856597329, 0.283789562464808, 0.553595187973231, 0.417254310865654, 0.387160801985301, 0.64940709058661, 0.4, 0.42317455896805, 0.541670062886551, 152.582344033848, 378.840559345402, 10, 20, 44.9153782596785, 0.16, 0.05, 100, 250, 0.1, 0.5, 0.5, 0.5, 0.5, 0.5, 0.5, 0.3, 0.5, 0.04, 0.5, 0.6, 0.04, 10, 0.5, 1338, 80, 2, 6812, 1530, 2966, 1232, 1381, 301
8.10264265201986, 0.575353559510782, 0.0813213295908645, 0.477961502301041, 0.475492236692226, 0.277973241175991, 0.478637276380323, 0.4, 0.45042347201868, 0.475088541526347, 147.878670488391, 213.421981102019, 10, 20, 9.30837477822119, 0.16, 0.05, 100, 250, 0.1, 0.5, 0.5, 0.5, 0.5, 0.5, 0.5, 0.3, 0.5, 0.04, 0.5, 0.6, 0.04, 10, 0.5, 1338, 80, 2, 8078, 1226, 1222, 1206, 1306, 990
9.01933483438566, 0.797354115534457, 0.241918104226352, 0.474504350290168, 0.435433131559985, 0.350775350127136, 0.262700680442504, 0.4, 0.598641259648371, 0.494997297175694, 248.022107151058, 196.192383162386, 10, 20, 43.2847587815265, 0.16, 0.05, 100, 250, 0.1, 0.5, 0.5, 0.5, 0.5, 0.5, 0.5, 0.3, 0.5, 0.04, 0.5, 0.6, 0.04, 10, 0.5, 1338, 80, 2, 8324, 1202, 1134, 1133, 1156, 1064
8.50057959129103, 0.781360223596217, 0.143188265907811, 0.550998080322519, 0.494058642597869, 0.275886598561425, 0.375536021266598, 0.4, 0.587070986769395, 0.454696917683585, 40.0732458923012, 408.794933771994, 10, 20, 70.3406134203004, 0.16, 0.05, 100, 250, 0.1, 0.5, 0.5, 0.5, 0.5, 0.5, 0.5, 0.3, 0.5, 0.04, 0.5, 0.6, 0.04, 10, 0.5, 1338, 80, 2, 8493, 1219, 1211, 1065, 1172, 1092
9.5599451506231, 0.725674760649796, 0.0879015473238542, 0.430404096345883, 0.562620742894243, 0.294191215748433, 0.633737922699074, 0.4, 0.477791279786499, 0.528842598375632, 193.813833565172, 218.626465923188, 10, 20, 10.0706740255631, 0.16, 0.05, 100, 250, 0.1, 0.5, 0.5, 0.5, 0.5, 0.5, 0.5, 0.3, 0.5, 0.04, 0.5, 0.6, 0.04, 10, 0.5, 1338, 80, 2, 9172, 1263, 1214, 1240, 1287, 78
9.49597727514338, 0.525928028927301, 0.227227847471077, 0.417173608626006, 0.454686291884631, 0.2541667769989, 0.442822119807824, 0.4, 0.474307283191942, 0.588896432605805, 102.907717904821, 58.198089199781, 10, 20, 28.2757665048743, 0.16, 0.05, 100, 250, 0.1, 0.5, 0.5, 0.5, 0.5, 0.5, 0.5, 0.3, 0.5, 0.04, 0.5, 0.6, 0.04, 10, 0.5, 1338, 80, 2, 8245, 1235, 1204, 1224, 1204, 1126
10.8259101901064, 0.712315362760914, 0.139909557708306, 0.483294443100225, 0.485221499712672, 0.219041139131179, 0.43694464983826, 0.4, 0.430271715699229, 0.526381996744545, 190.748292448185, 324.803580574715, 10, 20, 31.710380760307, 0.16, 0.05, 100, 250, 0.1, 0.5, 0.5, 0.5, 0.5, 0.5, 0.5, 0.3, 0.5, 0.04, 0.5, 0.6, 0.04, 10, 0.5, 1338, 80, 2, 8196, 1197, 1197, 1231, 1270, 1106
9.67514479321428, 0.613373498384375, 0.073859641077579, 0.494098407390527, 0.432085205587558, 0.244050745808519, 0.325798316702712, 0.4, 0.483525793637848, 0.457380635370966, 46.837270670943, 118.357966021029, 10, 20, 13.8811424475678, 0.16, 0.05, 100, 250, 0.1, 0.5, 0.5, 0.5, 0.5, 0.5, 0.5, 0.3, 0.5, 0.04, 0.5, 0.6, 0.04, 10, 0.5, 1338, 80, 2, 8173, 1211, 1271, 1100, 1248, 1040
8.64822050686926, 0.581122317865957, 0.10588833602611, 0.485149537377991, 0.526735715912189, 0.355236969543155, 0.459137839486357, 0.4, 0.45435745233437, 0.400933141735615, 100.010293816123, 320.245606048883, 10, 20, 7.87283330853417, 0.16, 0.05, 100, 250, 0.1, 0.5, 0.5, 0.5, 0.5, 0.5, 0.5, 0.3, 0.5, 0.04, 0.5, 0.6, 0.04, 10, 0.5, 1338, 80, 2, 8095, 1344, 1244, 1237, 1215, 1075
11.7680593512487, 0.528918692684383, 0.286135816714959, 0.588418815294746, 0.457493488805369, 0.200669347458286, 0.656776570586953, 0.4, 0.419977521896129, 0.509104726751335, 123.773026929889, 151.94357470565, 10, 20, 12.8853953342346, 0.16, 0.05, 100, 250, 0.1, 0.5, 0.5, 0.5, 0.5, 0.5, 0.5, 0.3, 0.5, 0.04, 0.5, 0.6, 0.04, 10, 0.5, 1338, 80, 2, 9040, 1225, 1214, 1221, 1203, 9
9.15399045951664, 0.692048759021331, 0.208503052767483, 0.526141497522593, 0.555326643839013, 0.309685786545277, 0.387436596764601, 0.4, 0.528735481938114, 0.545445417941082, 74.805249370262, 232.632266945101, 10, 20, 17.2260405372371, 0.16, 0.05, 100, 250, 0.1, 0.5, 0.5, 0.5, 0.5, 0.5, 0.5, 0.3, 0.5, 0.04, 0.5, 0.6, 0.04, 10, 0.5, 1338, 80, 2, 8380, 1197, 1175, 1188, 1173, 1102
8.01127145649865, 0.548958601949736, 0.122416343955847, 0.55537605713238, 0.490264504343038, 0.345183469498064, 0.297894217669964, 0.4, 0.432871539547807, 0.535356736890739, 113.173576168995, 11.9382224157569, 10, 20, 58.4131610985141, 0.16, 0.05, 100, 250, 0.1, 0.5, 0.5, 0.5, 0.5, 0.5, 0.5, 0.3, 0.5, 0.04, 0.5, 0.6, 0.04, 10, 0.5, 1338, 80, 2, 8378, 1203, 1170, 1081, 1095, 1022
10.1927835397888, 0.566199858004577, 0.163424923816347, 0.400632489722455, 0.54540987555543, 0.389853239465971, 0.361834503811551, 0.4, 0.444586531025358, 0.507451038035331, 164.263219202403, 366.537494404463, 10, 20, 34.2271529889858, 0.16, 0.05, 100, 250, 0.1, 0.5, 0.5, 0.5, 0.5, 0.5, 0.5, 0.3, 0.5, 0.04, 0.5, 0.6, 0.04, 10, 0.5, 1338, 80, 2, 8265, 1247, 1159, 1115, 1186, 1110
10.1469414022518, 0.783183544185711, 0.231275761724683, 0.509643023847602, 0.589247803949052, 0.307458632553695, 0.721207458138233, 0.4, 0.588753487202339, 0.402279508074047, 48.4701209452935, 341.84093479492, 10, 20, 0.916911932974763, 0.16, 0.05, 100, 250, 0.1, 0.5, 0.5, 0.5, 0.5, 0.5, 0.5, 0.3, 0.5, 0.04, 0.5, 0.6, 0.04, 10, 0.5, 1338, 80, 2, 9256, 1185, 1206, 1213, 1209, 0
8.04619840941392, 0.689641915511922, 0.184186382100743, 0.535077703015413, 0.535515853913967, 0.202519996259129, 0.565771014112979, 0.4, 0.457314700199524, 0.517662612810964, 236.205785838887, 272.616129962693, 10, 20, 71.0906601047097, 0.16, 0.05, 100, 250, 0.1, 0.5, 0.5, 0.5, 0.5, 0.5, 0.5, 0.3, 0.5, 0.04, 0.5, 0.6, 0.04, 10, 0.5, 1338, 80, 2, 8461, 1238, 1230, 1143, 1322, 908
10.3533086657152, 0.585849048825214, 0.0525058072456159, 0.507116181874648, 0.402619451382663, 0.317174288048642, 0.393623013494071, 0.4, 0.400237835647305, 0.489865202683723, 10.2731901907362, 16.0822082867613, 10, 20, 51.0111051852469, 0.16, 0.05, 100, 250, 0.1, 0.5, 0.5, 0.5, 0.5, 0.5, 0.5, 0.3, 0.5, 0.04, 0.5, 0.6, 0.04, 10, 0.5, 1338, 80, 2, 8242, 1122, 1105, 1095, 1191, 1308
11.6759643442975, 0.635795825293404, 0.161396511425846, 0.58397895287862, 0.517500639112201, 0.289643730671611, 0.639903198146494, 0.4, 0.509163042071275, 0.530697434178554, 150.908778241836, 459.380236024817, 10, 20, 1.65439220249798, 0.16, 0.05, 100, 250, 0.1, 0.5, 0.5, 0.5, 0.5, 0.5, 0.5, 0.3, 0.5, 0.04, 0.5, 0.6, 0.04, 10, 0.5, 1338, 80, 2, 9038, 1541, 1226, 1210, 1221, 2
9.78998716004193, 0.664138694694382, 0.274221308652486, 0.489576276113279, 0.489678307965165, 0.330854120034492, 0.524520933379536, 0.4, 0.545724546649028, 0.424602371400222, 137.016272624489, 111.655939431, 10, 20, 44.1920809129765, 0.16, 0.05, 100, 250, 0.1, 0.5, 0.5, 0.5, 0.5, 0.5, 0.5, 0.3, 0.5, 0.04, 0.5, 0.6, 0.04, 10, 0.5, 1338, 80, 2, 8579, 1226, 1196, 1246, 1378, 389
10.6047635362577, 0.717642731174943, 0.0933622552416637, 0.424407670277869, 0.424845043709269, 0.224930175719084, 0.257122028192971, 0.4, 0.517640216482803, 0.441137955736835, 225.775451639853, 449.137957343983, 10, 20, 68.9416056797386, 0.16, 0.05, 100, 250, 0.1, 0.5, 0.5, 0.5, 0.5, 0.5, 0.5, 0.3, 0.5, 0.04, 0.5, 0.6, 0.04, 10, 0.5, 1338, 80, 2, 8495, 1178, 1165, 1129, 1175, 1172
8.82526977694593, 0.661594279629877, 0.293933603265905, 0.50587044337485, 0.441545321675716, 0.241148046332877, 0.544724535709247, 0.4, 0.583278921432095, 0.505064633841161, 50.9325085894205, 95.658091548318, 10, 20, 49.1658286356778, 0.16, 0.05, 100, 250, 0.1, 0.5, 0.5, 0.5, 0.5, 0.5, 0.5, 0.3, 0.5, 0.04, 0.5, 0.6, 0.04, 10, 0.5, 1338, 80, 2, 7511, 1412, 1518, 1236, 1290, 951
8.68725046799984, 0.774549114683643, 0.116412664459785, 0.579949141880264, 0.505961704052519, 0.379276651130756, 0.709942358862027, 0.4, 0.424599593651947, 0.579950951450737, 244.376342281047, 489.025014501717, 10, 20, 16.1791179402862, 0.16, 0.05, 100, 250, 0.1, 0.5, 0.5, 0.5, 0.5, 0.5, 0.5, 0.3, 0.5, 0.04, 0.5, 0.6, 0.04, 10, 0.5, 1338, 80, 2, 8541, 1234, 1792, 1243, 1207, 92
11.9153524705395, 0.633885350149358, 0.126704930246051, 0.434252059374005, 0.5796928820631, 0.234378431892023, 0.47365051590139, 0.4, 0.505808582961326, 0.434574171516811, 73.8717859727331, 161.418719702645, 10, 20, 73.3138090690333, 0.16, 0.05, 100, 250, 0.1, 0.5, 0.5, 0.5, 0.5, 0.5, 0.5, 0.3, 0.5, 0.04, 0.5, 0.6, 0.04, 10, 0.5, 1338, 80, 2, 7869, 1292, 1293, 1253, 1268, 1024
9.07048000357579, 0.536371668030042, 0.147982268045889, 0.453664606481791, 0.595028224882437, 0.26179926266172, 0.575292406326625, 0.4, 0.595681847741362, 0.4530813982049, 84.1179327831604, 202.559721160587, 10, 20, 20.5597723606366, 0.16, 0.05, 100, 250, 0.1, 0.5, 0.5, 0.5, 0.5, 0.5, 0.5, 0.3, 0.5, 0.04, 0.5, 0.6, 0.04, 10, 0.5, 1338, 80, 2, 8849, 1272, 1233, 1196, 1239, 121
9.22997670678422, 0.56238088189601, 0.141229623889667, 0.456429629217833, 0.472024614881957, 0.256135203128681, 0.311446239679353, 0.4, 0.478027019532397, 0.461865439349553, 78.2498308467679, 188.204411919636, 10, 20, 21.8231240714746, 0.16, 0.05, 100, 250, 0.1, 0.5, 0.5, 0.5, 0.5, 0.5, 0.5, 0.3, 0.5, 0.04, 0.5, 0.6, 0.04, 10, 0.5, 1338, 80, 2, 8309, 1179, 1164, 1106, 1209, 1068
9.57110253083054, 0.657731391102192, 0.119132607103384, 0.455586123788031, 0.531754781675292, 0.27853050186066, 0.35349625111965, 0.4, 0.472373863886576, 0.472296686041867, 96.9113002941944, 146.549792351562, 10, 20, 29.9699496972017, 0.16, 0.05, 100, 250, 0.1, 0.5, 0.5, 0.5, 0.5, 0.5, 0.5, 0.3, 0.5, 0.04, 0.5, 0.6, 0.04, 10, 0.5, 1338, 80, 2, 8476, 1105, 1141, 1146, 1060, 1048
9.11299583235756, 0.793330318204826, 0.214577446501062, 0.531469922000542, 0.413483606099151, 0.272057115874253, 0.335479219357949, 0.4, 0.531469484966947, 0.413781950637931, 168.153201113455, 332.641582605208, 10, 20, 21.234199122132, 0.16, 0.05, 100, 250, 0.1, 0.5, 0.5, 0.5, 0.5, 0.5, 0.5, 0.3, 0.5, 0.04, 0.5, 0.6, 0.04, 10, 0.5, 1338, 80, 2, 8572, 1170, 1155, 1173, 1117, 1001
8.27590206567198, 0.69775158429658, 0.266511183295515, 0.413584891741397, 0.573727634051349, 0.213757824292872, 0.737920850644004, 0.4, 0.413032939301105, 0.573118796269642, 26.3982686266303, 42.7835723333526, 10, 20, 5.61596790981945, 0.16, 0.05, 100, 250, 0.1, 0.5, 0.5, 0.5, 0.5, 0.5, 0.5, 0.3, 0.5, 0.04, 0.5, 0.6, 0.04, 10, 0.5, 1338, 80, 2, 3502, 2655, 2002, 2350, 2379, 1165
11.4750452427426, 0.772349650487187, 0.0970294859530986, 0.581179160414962, 0.437128506769659, 0.37374155331729, 0.384049610741786, 0.4, 0.437076902559726, 0.437663941273, 218.306926386151, 101.684895030491, 10, 20, 64.9883638694457, 0.16, 0.05, 100, 250, 0.1, 0.5, 0.5, 0.5, 0.5, 0.5, 0.5, 0.3, 0.5, 0.04, 0.5, 0.6, 0.04, 10, 0.5, 1338, 80, 2, 8378, 1115, 1182, 1165, 1114, 1258
